timestamp,day_of_week,hour,weather_condition,temperature,precipitation,location_latitude,location_longitude,location,road_type,congestion_level
2024-01-05 02:15,0,18,Clear,27.848357076505618,10.538283805975997,17.58099,83.16864,Visakhapatnam,Residential Street,High
2024-01-07 06:45,0,23,Clear,27.330867849414407,6.683955271782626,17.46882,83.20619,Visakhapatnam,Residential Street,High
2024-01-07 06:45,0,23,Clear,27.723844269050346,7.296120776940984,17.46882,83.20619,Visakhapatnam,Residential Street,High
2024-01-03 03:30,2,13,Heavy Rain,27.96151492820401,6.337724711294958,17.42588,83.12904,Visakhapatnam,Residential Street,High
2024-01-02 20:00,5,16,Drizzle,26.882923312638333,7.565503772567684,17.4517,83.17684,Visakhapatnam,Residential Street,High
2024-01-08 03:15,4,15,Heavy Rain,29.08293152152541,6.190827876531361,17.49543,83.16972,Visakhapatnam,Residential Street,High
2024-01-06 13:30,2,10,Fog,26.889606407753696,12.022133771633714,17.47831,83.23049,Visakhapatnam,Residential Street,High
2024-01-07 08:30,1,11,Clear,29.983717364576457,13.721251378336522,17.52463,83.20613,Visakhapatnam,Residential Street,High
2024-01-03 04:30,3,20,Overcast,29.765262807032524,3.755756125573521,17.50582,83.12135,Visakhapatnam,Residential Street,High
2024-01-02 21:45,4,20,Clear,26.471280021792982,7.705392697780495,17.42639,83.12755,Visakhapatnam,Residential Street,High
2024-01-02 00:15,4,12,Overcast,28.76829115359377,9.41312835583864,17.57406,83.24373,Visakhapatnam,Residential Street,High
2024-01-01 02:15,0,9,Clear,28.367135123214872,7.660268941725825,17.56309,83.12006,Visakhapatnam,Residential Street,High
2024-01-03 05:00,0,18,Drizzle,28.020981135783014,13.146977884353731,17.57959,83.2251,Visakhapatnam,Residential Street,High
2024-01-07 08:30,1,11,Clear,28.643359877671102,14.396554776511573,17.52463,83.20613,Visakhapatnam,Residential Street,High
2024-01-01 01:45,2,5,Heavy Rain,24.437541083743483,8.131844539468634,17.53707,83.21446,Visakhapatnam,Residential Street,High
2024-01-01 01:45,2,5,Heavy Rain,25.018856235379513,5.614439626963028,17.53707,83.21446,Visakhapatnam,Residential Street,High
2024-01-05 02:30,3,0,Clear,27.193584439832787,10.567050265869259,17.5366,83.20165,Visakhapatnam,Residential Street,High
2024-01-02 16:15,0,0,Overcast,26.757123666297637,6.589630795623437,17.43598,83.13158,Visakhapatnam,Residential Street,High
2024-01-02 20:00,5,16,Drizzle,26.545987962239394,8.082283989275425,17.4517,83.17684,Visakhapatnam,Residential Street,High
2024-01-03 03:30,2,13,Heavy Rain,26.493848149332354,7.865480375065351,17.42588,83.12904,Visakhapatnam,Residential Street,High
2024-01-01 07:00,2,22,Overcast,27.732824384460777,4.282711549899628,17.57326,83.12979,Visakhapatnam,Residential Street,High
2024-01-02 00:15,4,12,Overcast,28.88711184975673,11.009347440185579,17.57406,83.24373,Visakhapatnam,Residential Street,High
2024-01-08 03:15,4,15,Heavy Rain,29.23376410234396,8.79889812361925,17.49543,83.16972,Visakhapatnam,Residential Street,High
2024-01-08 16:45,3,0,Clear,24.387625906893273,5.137161439560341,17.49532,83.2296,Visakhapatnam,Residential Street,High
2024-01-03 03:30,2,13,Heavy Rain,26.927808637737407,6.354497478599228,17.42588,83.12904,Visakhapatnam,Residential Street,High
2024-01-10 04:30,5,17,Clear,25.155461294854934,13.853384477117702,17.55498,83.19469,Visakhapatnam,Residential Street,High
2024-01-06 13:30,2,10,Fog,25.52450321128885,13.379572145730712,17.47831,83.23049,Visakhapatnam,Residential Street,High
2024-01-02 16:15,0,0,Overcast,26.787849009172838,5.1771399728467316,17.43598,83.13158,Visakhapatnam,Residential Street,High
2024-01-02 00:15,4,12,Overcast,28.6996806550406,9.179813182904143,17.57406,83.24373,Visakhapatnam,Residential Street,High
2024-01-02 16:15,0,0,Overcast,26.454153125103364,5.418215391139493,17.43598,83.13158,Visakhapatnam,Residential Street,High
2024-01-05 02:30,3,0,Clear,27.3991466938853,8.955549488965724,17.5366,83.20165,Visakhapatnam,Residential Street,High
2024-01-08 08:15,3,3,Fog,25.92613909225447,10.981348053515802,17.46628,83.12038,Visakhapatnam,Residential Street,High
2024-01-03 03:30,2,13,Heavy Rain,27.193251387631033,5.795859233247932,17.42588,83.12904,Visakhapatnam,Residential Street,High
2024-01-06 16:30,4,11,Overcast,28.47114453552205,2.9322024348958715,17.55723,83.16967,Visakhapatnam,Residential Street,High
2024-01-02 00:15,4,12,Overcast,29.411272456051595,9.565315112613218,17.57406,83.24373,Visakhapatnam,Residential Street,High
2024-01-02 21:45,4,20,Clear,25.589578175014488,8.83421473253652,17.42639,83.12755,Visakhapatnam,Residential Street,High
2024-01-10 22:15,1,12,Clear,29.304431797502378,13.950500492814077,17.58841,83.21306,Visakhapatnam,Residential Street,High
2024-01-02 00:15,4,12,Overcast,28.020164938060113,8.601645959261209,17.57406,83.24373,Visakhapatnam,Residential Street,High
2024-01-03 05:00,0,18,Drizzle,27.235906975550783,12.684322398476583,17.57959,83.2251,Visakhapatnam,Residential Street,High
2024-01-03 04:30,3,20,Overcast,30.09843061793456,2.286011155774491,17.50582,83.12135,Visakhapatnam,Residential Street,High
2024-01-08 02:45,0,9,Heavy Rain,30.769233289997704,9.950536290347568,17.48071,83.14764,Visakhapatnam,Residential Street,Low
2024-01-05 00:00,2,15,Overcast,28.485684140594984,9.674819492166604,17.54909,83.16681,Visakhapatnam,Residential Street,Low
2024-01-04 08:00,1,9,Fog,30.342175858805877,9.277277978437702,17.55024,83.13562,Visakhapatnam,Residential Street,Low
2024-01-01 21:00,1,17,Clear,29.249448152205353,3.3824097461840505,17.50661,83.2414,Visakhapatnam,Residential Street,Low
2024-01-01 22:15,6,0,Clear,26.36073900481629,9.866452208213055,17.4875,83.14341,Visakhapatnam,Residential Street,Low
2024-01-09 15:30,0,0,Clear,26.840077895802644,15.192451264008149,17.49962,83.15238,Visakhapatnam,Residential Street,Low
2024-01-08 02:15,3,2,Heavy Rain,25.769680614520105,3.189168643907818,17.44597,83.1492,Visakhapatnam,Residential Street,Low
2024-01-08 14:45,2,15,Clear,27.62856111310946,6.955300139910895,17.55846,83.21826,Visakhapatnam,Residential Street,Low
2024-01-09 08:00,5,22,Clear,28.97180914478423,8.962260015748683,17.41247,83.18241,Visakhapatnam,Residential Street,Low
2024-01-06 13:00,3,3,Drizzle,24.318479922318634,9.569003044998182,17.5244,83.22766,Visakhapatnam,Residential Street,Low
2024-01-08 14:45,2,15,Clear,27.262041984697397,3.8768594735752355,17.55846,83.21826,Visakhapatnam,Residential Street,Low
2024-01-03 20:45,3,4,Fog,26.50745885979184,7.344522880839746,17.47083,83.17007,Visakhapatnam,Residential Street,Low
2024-01-09 03:45,0,11,Fog,26.16153899984702,6.162612872693482,17.55895,83.21627,Visakhapatnam,Residential Street,Low
2024-01-08 18:45,5,16,Fog,30.305838144420434,7.889016531107552,17.49247,83.20015,Visakhapatnam,Residential Street,Low
2024-01-03 06:00,3,6,Overcast,26.815499761247978,11.420504247989856,17.55338,83.26196,Visakhapatnam,Residential Street,Low
2024-01-08 08:30,1,9,Clear,29.465640059558098,12.529253706250524,17.42606,83.19681,Visakhapatnam,Residential Street,Low
2024-01-08 14:45,2,15,Clear,26.680391238388683,3.6676444268957713,17.55846,83.21826,Visakhapatnam,Residential Street,Low
2024-01-08 15:15,1,3,Fog,24.645393812074392,7.471415556386404,17.41273,83.21627,Visakhapatnam,Residential Street,Low
2024-01-08 14:45,2,15,Clear,27.265631715701783,3.9477769557190285,17.55846,83.21826,Visakhapatnam,Residential Street,Low
2024-01-08 18:45,5,16,Fog,30.48777256356118,7.332931817755511,17.49247,83.20015,Visakhapatnam,Residential Street,Low
2024-01-03 20:45,3,4,Fog,26.460412881077353,8.1029230208513,17.47083,83.17007,Visakhapatnam,Residential Street,Low
2024-01-08 08:30,1,9,Clear,28.90717051166809,11.584255885002769,17.42606,83.19681,Visakhapatnam,Residential Street,Low
2024-01-01 21:00,1,17,Clear,28.846832512996983,4.547505201330061,17.50661,83.2414,Visakhapatnam,Residential Street,Low
2024-01-08 15:15,1,3,Fog,24.201896687959664,8.795877673095521,17.41273,83.21627,Visakhapatnam,Residential Street,Low
2024-01-09 15:30,0,0,Clear,27.6062629111971,14.087211309515613,17.49962,83.15238,Visakhapatnam,Residential Street,Low
2024-01-10 10:45,0,18,Drizzle,29.07812001428541,11.512298440064017,17.51114,83.16137,Visakhapatnam,Residential Street,Low
2024-01-10 10:45,0,18,Drizzle,28.36399493920983,12.185865390724905,17.51114,83.16137,Visakhapatnam,Residential Street,Low
2024-01-09 08:00,5,22,Clear,29.30176644894601,9.934456789987024,17.41247,83.18241,Visakhapatnam,Residential Street,Low
2024-01-01 22:15,6,0,Clear,27.28081801252382,10.35854427267283,17.4875,83.14341,Visakhapatnam,Residential Street,Low
2024-01-08 08:30,1,9,Clear,28.677440122697437,15.11020453876635,17.42606,83.19681,Visakhapatnam,Residential Street,Low
2024-01-01 22:15,6,0,Clear,27.280697802754208,9.52305277250595,17.4875,83.14341,Visakhapatnam,Residential Street,Low
2024-01-10 10:45,0,18,Drizzle,29.169018283232983,11.101702755461547,17.51114,83.16137,Visakhapatnam,Residential Street,Low
2024-01-08 14:45,2,15,Clear,27.082086980445027,3.120680771985473,17.55846,83.21826,Visakhapatnam,Residential Street,Low
2024-01-01 00:00,6,2,Fog,28.982321827907004,4.969069960058081,17.58081,83.23309,Visakhapatnam,Residential Street,Low
2024-01-06 13:00,3,3,Drizzle,23.890127447955127,10.066873027126203,17.5244,83.22766,Visakhapatnam,Residential Street,Low
2024-01-08 17:15,1,18,Drizzle,29.81095125218761,3.994557863517788,17.53699,83.13467,Visakhapatnam,Residential Street,Low
2024-01-01 00:00,6,2,Fog,28.243523534119085,5.182388700963829,17.58081,83.23309,Visakhapatnam,Residential Street,Low
2024-01-08 14:45,2,15,Clear,26.950496324767066,4.723787951638898,17.55846,83.21826,Visakhapatnam,Residential Street,Low
2024-01-04 08:00,1,9,Fog,30.44588038826775,10.383577103927248,17.55024,83.13562,Visakhapatnam,Residential Street,Low
2024-01-03 20:45,3,4,Fog,25.706215542699553,9.088393273448084,17.47083,83.17007,Visakhapatnam,Residential Street,Low
2024-01-06 17:00,4,8,Overcast,28.490164056081245,16.826932425873622,17.45875,83.25837,Visakhapatnam,Residential Street,Moderate
2024-01-03 10:45,0,21,Heavy Rain,29.778556285755876,4.16913122707968,17.4925,83.21862,Visakhapatnam,Residential Street,Moderate
2024-01-08 23:15,1,14,Drizzle,29.93894702237076,11.810560557481779,17.53449,83.24973,Visakhapatnam,Residential Street,Moderate
2024-01-05 01:15,1,14,Drizzle,26.640864890863174,12.544160877069071,17.46369,83.14581,Visakhapatnam,Residential Street,Moderate
2024-01-10 07:15,6,20,Heavy Rain,27.19575319855341,10.481891489626312,17.46773,83.18388,Visakhapatnam,Residential Street,Moderate
2024-01-08 07:15,3,12,Drizzle,27.94912147820773,7.046707325736033,17.42059,83.20472,Visakhapatnam,Residential Street,Moderate
2024-01-11 06:45,0,9,Drizzle,28.557701058851038,6.683928185325963,17.56851,83.24751,Visakhapatnam,Residential Street,Moderate
2024-01-08 07:15,3,12,Drizzle,28.36437555482984,4.840707909212941,17.42059,83.20472,Visakhapatnam,Residential Street,Moderate
2024-01-09 17:45,5,22,Clear,27.83511989811648,5.690654830692309,17.58638,83.17461,Visakhapatnam,Residential Street,Moderate
2024-01-11 03:15,2,2,Clear,29.456633716556677,15.608703580582908,17.48902,83.19648,Visakhapatnam,Residential Street,Moderate
2024-01-09 11:15,3,18,Drizzle,30.148538774674023,10.420482181197364,17.43893,83.25455,Visakhapatnam,Residential Street,Moderate
2024-01-05 18:15,5,0,Fog,25.584322495266445,13.907274031107297,17.48007,83.16343,Visakhapatnam,Residential Street,Moderate
2024-01-05 01:15,1,14,Drizzle,26.548973453061322,12.566674689589155,17.46369,83.14581,Visakhapatnam,Residential Street,Moderate
2024-01-10 15:45,2,20,Overcast,29.736168926701115,14.869295590445672,17.46899,83.19422,Visakhapatnam,Residential Street,Moderate
2024-01-03 13:45,2,9,Overcast,24.803945923433922,11.982158991037526,17.56157,83.13017,Visakhapatnam,Residential Street,Moderate
2024-01-04 12:15,1,14,Overcast,24.46824252593394,8.548709887589643,17.50708,83.14143,Visakhapatnam,Residential Street,Moderate
2024-01-03 06:45,1,13,Overcast,27.448060138532288,11.732881919683146,17.48879,83.26677,Visakhapatnam,Residential Street,Moderate
2024-01-01 17:15,3,4,Clear,29.430527636089945,4.746713686433322,17.58403,83.23403,Visakhapatnam,Residential Street,Moderate
2024-01-09 11:15,3,18,Drizzle,30.102556728321233,10.806508966508357,17.43893,83.25455,Visakhapatnam,Residential Street,Moderate
2024-01-09 17:45,5,22,Clear,27.982706433312426,4.283064329012763,17.58638,83.17461,Visakhapatnam,Residential Street,Moderate
2024-01-11 09:00,5,16,Overcast,27.792314628974793,10.068673308872901,17.45369,83.15477,Visakhapatnam,Residential Street,Moderate
2024-01-01 00:15,0,16,Overcast,30.18967733861732,10.606661187672639,17.49368,83.21268,Visakhapatnam,Residential Street,Moderate
2024-01-08 07:15,3,12,Drizzle,28.028642741736615,5.228744822934818,17.42059,83.20472,Visakhapatnam,Residential Street,Moderate
2024-01-03 10:45,0,21,Heavy Rain,29.19886136538919,5.978451862607299,17.4925,83.21862,Visakhapatnam,Residential Street,Moderate
2024-01-03 13:45,2,9,Overcast,24.919357144166995,10.791099068019903,17.56157,83.13017,Visakhapatnam,Residential Street,Moderate
2024-01-02 21:15,6,8,Drizzle,25.202025428407268,3.9464365481561487,17.4177,83.26504,Visakhapatnam,Residential Street,Moderate
2024-01-11 06:45,0,9,Drizzle,29.043092950605267,4.740143859020081,17.56851,83.24751,Visakhapatnam,Residential Street,Moderate
2024-01-11 09:00,5,16,Overcast,28.58728890641592,10.44625356602722,17.45369,83.15477,Visakhapatnam,Residential Street,Moderate
2024-01-09 22:00,6,21,Fog,25.728775195361383,4.145484181141075,17.529,83.14111,Visakhapatnam,Residential Street,Moderate
2024-01-08 07:15,3,12,Drizzle,28.162777042116915,7.36325472330546,17.42059,83.20472,Visakhapatnam,Residential Street,Moderate
2024-01-05 01:15,1,14,Drizzle,25.94061439235048,11.192221765047,17.46369,83.14581,Visakhapatnam,Residential Street,Moderate
2024-01-03 10:45,0,21,Heavy Rain,29.586743062275392,4.919150327663939,17.4925,83.21862,Visakhapatnam,Residential Street,Moderate
2024-01-01 17:15,3,4,Clear,29.330115104970513,4.849383683710755,17.58403,83.23403,Visakhapatnam,Residential Street,Moderate
2024-01-08 09:00,0,21,Clear,27.031621056242642,13.477453279763475,17.41616,83.17003,Visakhapatnam,Residential Street,Moderate
2024-01-06 17:00,4,8,Overcast,28.50381951760944,14.204704467613048,17.45875,83.25837,Visakhapatnam,Residential Street,Moderate
2024-01-08 09:00,0,21,Clear,25.950773671166807,12.17902152577034,17.41616,83.17003,Visakhapatnam,Residential Street,Moderate
2024-01-03 13:45,2,9,Overcast,24.982644115147377,11.207896509716539,17.56157,83.13017,Visakhapatnam,Residential Street,Moderate
2024-01-03 10:45,0,21,Heavy Rain,29.015660981190237,4.886609123156358,17.4925,83.21862,Visakhapatnam,Residential Street,Moderate
2024-01-09 12:30,0,3,Heavy Rain,29.87141140725751,5.653566385449471,17.58238,83.20965,Visakhapatnam,Residential Street,Moderate
2024-01-10 15:45,2,20,Overcast,30.275966516343384,13.894089992898307,17.46899,83.19422,Visakhapatnam,Residential Street,Moderate
2024-01-09 07:45,1,1,Fog,26.195515973521523,7.973631749859773,17.49725,83.1484,Visakhapatnam,Residential Street,Severe
2024-01-05 19:00,6,20,Drizzle,28.04530627260263,2.57348470058894,17.49464,83.17916,Visakhapatnam,Residential Street,Severe
2024-01-04 03:00,2,6,Drizzle,29.10139715546805,7.232969674146876,17.50991,83.16679,Visakhapatnam,Residential Street,Severe
2024-01-05 19:00,6,20,Drizzle,27.79907446860386,2.899879185060827,17.49464,83.17916,Visakhapatnam,Residential Street,Severe
2024-01-10 21:30,0,0,Drizzle,25.693428546900133,10.195046628924842,17.5862,83.12388,Visakhapatnam,Residential Street,Severe
2024-01-04 00:15,0,4,Overcast,29.09522781290499,13.076813095216226,17.50112,83.21866,Visakhapatnam,Residential Street,Severe
2024-01-10 10:30,0,21,Fog,25.704731837434654,3.141078152728412,17.48423,83.23606,Visakhapatnam,Residential Street,Severe
2024-01-04 23:00,4,4,Heavy Rain,28.816851135198615,7.577211875064521,17.49081,83.16107,Visakhapatnam,Residential Street,Severe
2024-01-09 07:45,1,1,Fog,25.84982568254382,8.465524029234341,17.49725,83.1484,Visakhapatnam,Residential Street,Severe
2024-01-07 18:00,6,6,Heavy Rain,24.5482621729419,8.63424973892701,17.56407,83.25837,Visakhapatnam,Residential Street,Severe
2024-01-04 23:00,4,4,Heavy Rain,28.324668284466934,6.644800473306802,17.49081,83.16107,Visakhapatnam,Residential Street,Severe
2024-01-06 22:15,4,9,Overcast,29.334281487403015,9.98115706944059,17.57477,83.13756,Visakhapatnam,Residential Street,Severe
2024-01-05 12:15,3,15,Overcast,25.76884814313695,9.651986099583755,17.56938,83.15631,Visakhapatnam,Residential Street,Severe
2024-01-09 07:45,1,1,Fog,26.03679621531759,4.701194043379918,17.49725,83.1484,Visakhapatnam,Residential Street,Severe
2024-01-02 17:45,4,18,Overcast,27.8402878828831,7.140014450053332,17.53544,83.12923,Visakhapatnam,Residential Street,Severe
2024-01-09 12:45,2,10,Clear,26.47496720250877,5.2979457756473884,17.49222,83.18919,Visakhapatnam,Residential Street,Severe
2024-01-07 06:00,2,18,Drizzle,25.708373353831885,4.6787671828692865,17.44486,83.2144,Visakhapatnam,Residential Street,Severe
2024-01-10 14:30,2,13,Drizzle,25.938969241897162,8.408356447299354,17.55364,83.2152,Visakhapatnam,Residential Street,Severe
2024-01-07 08:45,0,11,Clear,27.406758608684836,5.943800713771199,17.57144,83.2069,Visakhapatnam,Residential Street,Severe
2024-01-04 00:15,0,4,Overcast,27.38456784178302,14.03592136926327,17.50112,83.21866,Visakhapatnam,Residential Street,Severe
2024-01-10 10:30,0,21,Fog,26.313729967302063,2.4196956013291055,17.48423,83.23606,Visakhapatnam,Residential Street,Severe
2024-01-06 22:15,4,9,Overcast,29.953571377141216,8.972457328280145,17.57477,83.13756,Visakhapatnam,Residential Street,Severe
2024-01-03 14:30,0,4,Fog,27.596258382719384,14.85020117795866,17.43033,83.14264,Visakhapatnam,Residential Street,Severe
2024-01-10 21:30,0,0,Drizzle,25.49231692926615,8.900824136220617,17.5862,83.12388,Visakhapatnam,Residential Street,Severe
2024-01-02 15:30,0,0,Heavy Rain,28.929941397124214,13.146636996047667,17.45603,83.24589,Visakhapatnam,Residential Street,Severe
2024-01-05 19:00,6,20,Drizzle,28.890911435888654,2.5299152336738473,17.49464,83.17916,Visakhapatnam,Residential Street,Severe
2024-01-07 08:45,0,11,Clear,26.381524644560958,4.174474829075262,17.57144,83.2069,Visakhapatnam,Residential Street,Severe
2024-01-05 12:15,3,15,Overcast,25.639771693457863,10.408091930118756,17.56938,83.15631,Visakhapatnam,Residential Street,Severe
2024-01-05 12:15,3,15,Overcast,26.56097078280845,11.054413983644501,17.56938,83.15631,Visakhapatnam,Residential Street,Severe
2024-01-04 03:15,4,10,Drizzle,30.448492336616592,7.0433394493226915,17.41304,83.16424,Visakhapatnam,Residential Street,Severe
2024-01-06 22:15,4,9,Overcast,29.42524642517294,7.8587639421436695,17.57477,83.13756,Visakhapatnam,Residential Street,Severe
2024-01-04 03:00,2,6,Drizzle,28.573224104748487,7.452055396514297,17.50991,83.16679,Visakhapatnam,Residential Street,Severe
2024-01-05 23:00,2,14,Drizzle,27.459987639210755,11.248460575809556,17.51099,83.20182,Visakhapatnam,Residential Street,Severe
2024-01-08 08:45,2,22,Heavy Rain,28.416126848580504,15.043764604073258,17.54955,83.20217,Visakhapatnam,Residential Street,Severe
2024-01-09 07:45,1,1,Fog,25.94653623664934,6.8178488216074316,17.49725,83.1484,Visakhapatnam,Residential Street,Severe
2024-01-07 00:30,1,18,Overcast,25.042824290986815,10.517295831588129,17.50835,83.20791,Visakhapatnam,Residential Street,Severe
2024-01-03 14:30,0,4,Fog,29.332887255572377,14.542725346377704,17.43033,83.14264,Visakhapatnam,Residential Street,Severe
2024-01-10 20:15,5,23,Fog,27.836916460455896,11.356753219153784,17.50438,83.1931,Visakhapatnam,Residential Street,Severe
2024-01-09 02:45,3,8,Overcast,29.404348251398677,14.769767280232204,17.51188,83.14387,Visakhapatnam,Residential Street,Severe
2024-01-08 08:45,2,22,Heavy Rain,28.628276804316915,14.047708560017314,17.54955,83.20217,Visakhapatnam,Residential Street,Severe
2024-01-10 12:15,2,5,Heavy Rain,24.41265916488634,7.142722759867544,17.58537,83.13826,Visakhapatnam,Alley,High
2024-01-04 09:45,4,22,Heavy Rain,30.493542301871226,6.029152530132432,17.45218,83.21512,Visakhapatnam,Alley,High
2024-01-02 18:00,5,18,Heavy Rain,26.9792977895037,6.19652116970147,17.43284,83.23848,Visakhapatnam,Alley,High
2024-01-08 13:00,5,9,Fog,29.589658840824146,13.509003757588513,17.48517,83.14149,Visakhapatnam,Alley,High
2024-01-10 12:15,2,5,Heavy Rain,25.38168806462216,6.410264305712773,17.58537,83.13826,Visakhapatnam,Alley,High
2024-01-08 06:30,5,4,Fog,30.30639046346825,15.840117215449473,17.47086,83.25584,Visakhapatnam,Alley,High
2024-01-03 20:30,3,11,Drizzle,29.911030079997246,8.52360769794073,17.54541,83.13731,Visakhapatnam,Alley,High
2024-01-09 10:45,5,8,Overcast,29.548396491326976,15.300940432910815,17.57956,83.17778,Visakhapatnam,Alley,High
2024-01-02 09:30,5,11,Overcast,30.377305941998564,12.559842049355657,17.52758,83.26341,Visakhapatnam,Alley,High
2024-01-02 18:00,5,18,Heavy Rain,26.023131917821253,4.569224897881952,17.43284,83.23848,Visakhapatnam,Alley,High
2024-01-02 17:15,2,19,Fog,27.455242785187238,3.928104414910789,17.54095,83.17866,Visakhapatnam,Alley,High
2024-01-09 01:15,6,13,Overcast,24.79209485751728,4.7189483425251195,17.54633,83.23582,Visakhapatnam,Alley,High
2024-01-01 16:45,4,16,Heavy Rain,25.861449145292948,7.4406435489887235,17.55418,83.23507,Visakhapatnam,Alley,High
2024-01-03 09:45,1,4,Fog,30.270575987408325,5.047376020697609,17.43034,83.12562,Visakhapatnam,Alley,High
2024-01-02 17:15,2,19,Fog,28.03834539966501,3.35381656678522,17.54095,83.17866,Visakhapatnam,Alley,High
2024-01-05 06:45,3,23,Overcast,30.013591624518014,6.310459269054468,17.45613,83.18022,Visakhapatnam,Alley,High
2024-01-02 08:15,3,4,Overcast,27.90650094593895,14.147693680750923,17.5075,83.25005,Visakhapatnam,Alley,High
2024-01-08 06:30,5,4,Fog,30.82676703857866,11.976120673371044,17.47086,83.25584,Visakhapatnam,Alley,High
2024-01-05 06:45,3,23,Overcast,29.467671583381023,6.616097176514276,17.45613,83.18022,Visakhapatnam,Alley,High
2024-01-06 06:00,2,21,Drizzle,26.76008458329481,14.060414656144298,17.48901,83.202,Visakhapatnam,Alley,High
2024-01-10 12:15,2,5,Heavy Rain,25.212833673882503,7.285800158650832,17.58537,83.13826,Visakhapatnam,Alley,High
2024-01-03 20:30,3,11,Drizzle,29.07142122179186,9.625457561784964,17.54541,83.13731,Visakhapatnam,Alley,High
2024-01-02 09:30,5,11,Overcast,29.964553750969444,11.633023856870787,17.52758,83.26341,Visakhapatnam,Alley,High
2024-01-05 06:45,3,23,Overcast,29.841236207621595,8.15228864385802,17.45613,83.18022,Visakhapatnam,Alley,High
2024-01-02 18:00,5,18,Heavy Rain,26.288268607337073,5.9963974609094315,17.43284,83.23848,Visakhapatnam,Alley,High
2024-01-02 18:00,5,18,Heavy Rain,26.757000247046044,4.841635310807457,17.43284,83.23848,Visakhapatnam,Alley,High
2024-01-02 18:00,5,18,Heavy Rain,26.63661881228677,7.503398301767151,17.43284,83.23848,Visakhapatnam,Alley,High
2024-01-01 16:45,4,16,Heavy Rain,25.86358554367156,7.477362290575671,17.55418,83.23507,Visakhapatnam,Alley,High
2024-01-09 01:15,6,13,Overcast,24.776603140965797,5.179035826170336,17.54633,83.23582,Visakhapatnam,Alley,High
2024-01-05 06:45,3,23,Overcast,28.84257638765707,8.22688583899453,17.45613,83.18022,Visakhapatnam,Alley,High
2024-01-04 09:45,4,22,Heavy Rain,29.87674252396649,4.908382807947553,17.45218,83.21512,Visakhapatnam,Alley,High
2024-01-04 09:45,4,22,Heavy Rain,30.52819939716174,2.6582651315757095,17.45218,83.21512,Visakhapatnam,Alley,High
2024-01-09 01:15,6,13,Overcast,25.3070468720651,5.152822617479403,17.54633,83.23582,Visakhapatnam,Alley,High
2024-01-02 18:00,5,18,Heavy Rain,25.777130610644004,5.318015752002202,17.43284,83.23848,Visakhapatnam,Alley,High
2024-01-04 13:45,2,16,Fog,27.686590462925594,0.9983799901050845,17.50328,83.12564,Visakhapatnam,Alley,High
2024-01-02 18:00,5,18,Heavy Rain,26.592658689864418,5.718899707114045,17.43284,83.23848,Visakhapatnam,Alley,High
2024-01-02 18:00,5,18,Heavy Rain,25.958071281899432,7.797686526849523,17.43284,83.23848,Visakhapatnam,Alley,High
2024-01-06 06:00,2,21,Drizzle,25.47686255297276,13.940842861267011,17.48901,83.202,Visakhapatnam,Alley,High
2024-01-06 06:00,2,21,Drizzle,25.429104359222997,12.728821010217203,17.48901,83.202,Visakhapatnam,Alley,High
2024-01-09 01:15,6,13,Overcast,24.628514851084688,5.972582781356159,17.54633,83.23582,Visakhapatnam,Alley,High
2024-01-04 01:45,4,17,Heavy Rain,27.57889368017414,11.099355436586002,17.57599,83.12727,Visakhapatnam,Alley,Low
2024-01-01 08:15,2,0,Overcast,25.980392263184118,12.024633682912768,17.54015,83.26457,Visakhapatnam,Alley,Low
2024-01-03 22:30,5,2,Drizzle,29.84152562158764,6.1596303699201735,17.47164,83.14586,Visakhapatnam,Alley,Low
2024-01-11 08:15,4,7,Fog,28.826901026017453,4.453063222294426,17.41205,83.22386,Visakhapatnam,Alley,Low
2024-01-06 23:30,3,1,Overcast,24.711165316021454,14.19822331361359,17.42444,83.19918,Visakhapatnam,Alley,Low
2024-01-11 08:15,4,7,Fog,27.831087480042438,5.493485385421749,17.41205,83.22386,Visakhapatnam,Alley,Low
2024-01-09 05:00,2,9,Drizzle,29.05751763360433,7.695193220027732,17.42397,83.17922,Visakhapatnam,Alley,Low
2024-01-04 01:45,4,17,Heavy Rain,27.656892975456103,10.33517180168197,17.57599,83.12727,Visakhapatnam,Alley,Low
2024-01-07 14:15,5,17,Fog,26.457523843153023,12.149552715319334,17.45633,83.143,Visakhapatnam,Alley,Low
2024-01-07 09:45,3,4,Heavy Rain,30.72636574532736,8.464764788439432,17.48648,83.15419,Visakhapatnam,Alley,Low
2024-01-03 22:30,5,2,Drizzle,29.585445255346585,7.417394065634325,17.47164,83.14586,Visakhapatnam,Alley,Low
2024-01-01 22:00,1,21,Drizzle,27.667782820090302,6.3975996046924,17.57037,83.16769,Visakhapatnam,Alley,Low
2024-01-04 01:45,4,17,Heavy Rain,27.8770008817466,11.775260872625264,17.57599,83.12727,Visakhapatnam,Alley,Low
2024-01-07 09:45,3,4,Heavy Rain,29.1256956256529,8.310812181910432,17.48648,83.15419,Visakhapatnam,Alley,Low
2024-01-06 23:30,3,1,Overcast,25.242365377679825,15.23596380316525,17.42444,83.19918,Visakhapatnam,Alley,Low
2024-01-07 14:15,5,17,Fog,26.579484610246634,11.297910783462648,17.45633,83.143,Visakhapatnam,Alley,Low
2024-01-09 05:00,2,9,Drizzle,28.413587392731216,6.148581996385552,17.42397,83.17922,Visakhapatnam,Alley,Low
2024-01-07 14:15,5,17,Fog,26.081590696629995,10.616114165945678,17.45633,83.143,Visakhapatnam,Alley,Low
2024-01-01 08:15,2,0,Overcast,25.457318226085448,10.77965269180568,17.54015,83.26457,Visakhapatnam,Alley,Low
2024-01-10 05:30,4,14,Fog,28.34093706969316,10.524165946401917,17.4921,83.22045,Visakhapatnam,Alley,Low
2024-01-06 23:30,3,1,Overcast,26.557329283336752,14.022835488035499,17.42444,83.19918,Visakhapatnam,Alley,Low
2024-01-06 23:30,3,1,Overcast,24.466367403704126,12.92629999606142,17.42444,83.19918,Visakhapatnam,Alley,Low
2024-01-07 09:45,3,4,Heavy Rain,29.143130095187257,8.975645407739018,17.48648,83.15419,Visakhapatnam,Alley,Low
2024-01-11 08:15,4,7,Fog,27.493642064405176,7.242270358611863,17.41205,83.22386,Visakhapatnam,Alley,Low
2024-01-07 14:15,5,17,Fog,25.96403406710528,12.82754317010071,17.45633,83.143,Visakhapatnam,Alley,Low
2024-01-07 09:45,3,4,Heavy Rain,29.344475298483683,9.436323669674032,17.48648,83.15419,Visakhapatnam,Alley,Low
2024-01-01 22:00,1,21,Drizzle,27.132140009547733,6.2380034781682,17.57037,83.16769,Visakhapatnam,Alley,Low
2024-01-05 04:15,2,20,Heavy Rain,27.961127611035348,8.32003132671826,17.55349,83.25493,Visakhapatnam,Alley,Low
2024-01-02 19:30,3,23,Heavy Rain,30.042348145370013,11.413517972730418,17.41868,83.15073,Visakhapatnam,Alley,Low
2024-01-09 09:30,1,11,Drizzle,27.839798874467338,2.377207434801594,17.56116,83.21498,Visakhapatnam,Alley,Low
2024-01-01 08:15,2,0,Overcast,25.33481668414143,10.842623462576654,17.54015,83.26457,Visakhapatnam,Alley,Low
2024-01-09 05:00,2,9,Drizzle,28.90822929479099,5.13141592612241,17.42397,83.17922,Visakhapatnam,Alley,Low
2024-01-09 05:00,2,9,Drizzle,28.822785919951908,7.199223122605279,17.42397,83.17922,Visakhapatnam,Alley,Low
2024-01-06 04:30,3,21,Fog,28.57419982619709,4.247195939702741,17.58795,83.14334,Visakhapatnam,Alley,Low
2024-01-03 22:30,5,2,Drizzle,30.371972044662662,5.616813537700626,17.47164,83.14586,Visakhapatnam,Alley,Low
2024-01-09 05:00,2,9,Drizzle,29.116959511159006,8.373986763290032,17.42397,83.17922,Visakhapatnam,Alley,Low
2024-01-04 00:30,2,7,Overcast,27.287428706671196,7.474234336997658,17.41495,83.16233,Visakhapatnam,Alley,Low
2024-01-07 14:15,5,17,Fog,26.293227157384713,9.635625119790179,17.45633,83.143,Visakhapatnam,Alley,Low
2024-01-07 14:15,5,17,Fog,25.869106767615804,11.324451818559972,17.45633,83.143,Visakhapatnam,Alley,Low
2024-01-01 08:15,2,0,Overcast,26.12621666739811,12.147098302612154,17.54015,83.26457,Visakhapatnam,Alley,Low
2024-01-10 19:00,3,13,Heavy Rain,25.70373963078365,6.583927691457869,17.51109,83.18831,Visakhapatnam,Alley,Moderate
2024-01-09 17:30,2,1,Heavy Rain,24.84263177926655,13.64111573713106,17.56034,83.24065,Visakhapatnam,Alley,Moderate
2024-01-08 10:45,5,14,Overcast,28.35249363949023,7.878680833431296,17.5855,83.14636,Visakhapatnam,Alley,Moderate
2024-01-04 14:00,3,17,Overcast,29.33287759708506,7.261491530499293,17.50891,83.18066,Visakhapatnam,Alley,Moderate
2024-01-06 20:00,1,15,Drizzle,25.399851796472113,1.9273727000591805,17.46455,83.2548,Visakhapatnam,Alley,Moderate
2024-01-08 00:15,2,22,Drizzle,28.732749382079525,3.6836599374866723,17.43506,83.18163,Visakhapatnam,Alley,Moderate
2024-01-10 19:00,3,13,Heavy Rain,25.862527344419522,5.55232287841342,17.51109,83.18831,Visakhapatnam,Alley,Moderate
2024-01-07 22:30,3,10,Fog,27.873335383713144,5.8236078430157505,17.46665,83.13206,Visakhapatnam,Alley,Moderate
2024-01-04 20:30,6,12,Fog,27.682727120140548,11.776540349725897,17.58494,83.25228,Visakhapatnam,Alley,Moderate
2024-01-10 07:45,5,4,Heavy Rain,27.502490855480477,9.280091354147451,17.43833,83.16594,Visakhapatnam,Alley,Moderate
2024-01-08 09:45,5,8,Fog,25.36955802283248,6.674437298490471,17.43702,83.13133,Visakhapatnam,Alley,Moderate
2024-01-09 17:30,2,1,Heavy Rain,25.358930973527386,14.495803533437408,17.56034,83.24065,Visakhapatnam,Alley,Moderate
2024-01-06 19:45,4,18,Overcast,26.66107809850632,9.494030186282739,17.48946,83.26855,Visakhapatnam,Alley,Moderate
2024-01-06 20:00,1,15,Drizzle,26.516232630275574,2.360673765823907,17.46455,83.2548,Visakhapatnam,Alley,Moderate
2024-01-10 07:45,5,4,Heavy Rain,26.540315017022994,7.349694846154581,17.43833,83.16594,Visakhapatnam,Alley,Moderate
2024-01-10 02:15,1,16,Fog,26.957882963566874,4.428376632061948,17.51279,83.18064,Visakhapatnam,Alley,Moderate
2024-01-09 05:45,2,8,Heavy Rain,26.333455574593312,2.4744459290085548,17.55538,83.12897,Visakhapatnam,Alley,Moderate
2024-01-04 14:00,3,17,Overcast,28.54616526719061,8.472729019259365,17.50891,83.18066,Visakhapatnam,Alley,Moderate
2024-01-10 09:15,3,1,Fog,27.521909714073114,8.643600154594433,17.50846,83.1445,Visakhapatnam,Alley,Moderate
2024-01-06 20:00,1,15,Drizzle,26.38731702671467,1.7293856679138941,17.46455,83.2548,Visakhapatnam,Alley,Moderate
2024-01-04 02:00,2,23,Fog,27.936534764210958,4.671698710648345,17.50229,83.20717,Visakhapatnam,Alley,Moderate
2024-01-10 02:15,1,16,Fog,27.1702373219691,2.251457379369924,17.51279,83.18064,Visakhapatnam,Alley,Moderate
2024-01-10 07:45,5,4,Heavy Rain,25.679366329965465,9.048765700372105,17.43833,83.16594,Visakhapatnam,Alley,Moderate
2024-01-04 02:00,2,23,Fog,27.887806179332852,2.1602862212219005,17.50229,83.20717,Visakhapatnam,Alley,Moderate
2024-01-11 02:45,1,16,Drizzle,27.573715924303418,3.137559058596868,17.43385,83.26426,Visakhapatnam,Alley,Moderate
2024-01-09 20:45,4,17,Clear,24.276108409017574,7.580330105373855,17.54041,83.25435,Visakhapatnam,Alley,Moderate
2024-01-04 19:45,1,18,Fog,26.116205651965817,6.005318524279094,17.49525,83.26647,Visakhapatnam,Alley,Moderate
2024-01-08 00:15,2,22,Drizzle,28.184929311019683,3.9608267873785192,17.43506,83.18163,Visakhapatnam,Alley,Moderate
2024-01-04 20:00,1,6,Overcast,25.27997775665151,2.5322987986881085,17.41911,83.2695,Visakhapatnam,Alley,Moderate
2024-01-04 20:15,2,13,Clear,26.165370288643047,5.646503881730716,17.55093,83.22443,Visakhapatnam,Alley,Moderate
2024-01-07 03:15,3,4,Clear,29.620636644533057,12.353079421120816,17.51127,83.2061,Visakhapatnam,Alley,Moderate
2024-01-04 20:00,1,6,Overcast,24.78206892441028,3.4770408272231217,17.41911,83.2695,Visakhapatnam,Alley,Moderate
2024-01-04 14:00,3,17,Overcast,29.481581876077477,7.376821891060255,17.50891,83.18066,Visakhapatnam,Alley,Moderate
2024-01-08 00:00,0,13,Fog,28.50511653050979,9.61700777581143,17.50057,83.13329,Visakhapatnam,Alley,Moderate
2024-01-07 22:30,3,10,Fog,27.709245674476023,8.39626681944714,17.46665,83.13206,Visakhapatnam,Alley,Moderate
2024-01-07 03:15,3,4,Clear,29.131051737131635,11.906243416838688,17.51127,83.2061,Visakhapatnam,Alley,Moderate
2024-01-09 05:45,2,8,Heavy Rain,25.799529847786733,0.943418101340249,17.55538,83.12897,Visakhapatnam,Alley,Moderate
2024-01-01 20:00,6,14,Heavy Rain,26.499891561420604,13.771884839034087,17.55117,83.24409,Visakhapatnam,Alley,Moderate
2024-01-08 06:00,0,21,Clear,25.034901042495008,7.50075979063431,17.44567,83.13945,Visakhapatnam,Alley,Moderate
2024-01-06 20:00,1,15,Drizzle,25.807343201569118,2.950221742113493,17.46455,83.2548,Visakhapatnam,Alley,Moderate
2024-01-06 00:00,1,15,Heavy Rain,30.256758672625622,13.051347865592142,17.41601,83.20956,Visakhapatnam,Alley,Severe
2024-01-08 22:45,2,9,Overcast,29.331065337260522,3.5507422956815713,17.46318,83.21722,Visakhapatnam,Alley,Severe
2024-01-11 03:45,6,23,Heavy Rain,27.293008408072676,1.9783649487826171,17.48997,83.2415,Visakhapatnam,Alley,Severe
2024-01-04 15:45,1,2,Drizzle,25.381092250586576,4.876747983560841,17.43162,83.12095,Visakhapatnam,Alley,Severe
2024-01-11 03:45,6,23,Heavy Rain,27.566516687328132,2.6819354522315533,17.48997,83.2415,Visakhapatnam,Alley,Severe
2024-01-08 22:45,2,9,Overcast,28.02395610023875,4.330041647191069,17.46318,83.21722,Visakhapatnam,Alley,Severe
2024-01-01 14:15,6,4,Fog,26.724107452482208,10.130283454031842,17.44565,83.22759,Visakhapatnam,Alley,Severe
2024-01-01 15:45,4,0,Clear,27.09415860324229,14.838789159026513,17.51759,83.16713,Visakhapatnam,Alley,Severe
2024-01-06 00:00,1,15,Heavy Rain,30.340495933867516,13.140957854179296,17.41601,83.20956,Visakhapatnam,Alley,Severe
2024-01-09 04:15,0,0,Overcast,26.888650240089703,8.603650150915023,17.56672,83.1772,Visakhapatnam,Alley,Severe
2024-01-01 14:15,6,4,Fog,26.695938874821362,9.028398740585935,17.44565,83.22759,Visakhapatnam,Alley,Severe
2024-01-10 00:00,3,1,Overcast,27.753499532670585,5.462777763490158,17.50972,83.20344,Visakhapatnam,Alley,Severe
2024-01-02 19:00,3,21,Clear,27.60531762152789,4.42762954363698,17.50513,83.19291,Visakhapatnam,Alley,Severe
2024-01-06 03:45,0,9,Drizzle,27.824801048510512,9.251945885807299,17.4349,83.23753,Visakhapatnam,Alley,Severe
2024-01-09 21:45,4,22,Drizzle,28.078507742982524,10.03264007721558,17.53952,83.12792,Visakhapatnam,Alley,Severe
2024-01-07 04:45,0,20,Drizzle,28.553545202369673,13.019283419891417,17.43809,83.12481,Visakhapatnam,Alley,Severe
2024-01-06 20:15,6,13,Fog,31.049799937716628,5.77863519031609,17.42162,83.17729,Visakhapatnam,Alley,Severe
2024-01-05 03:00,1,8,Fog,28.453649760438307,9.601799315467892,17.55203,83.12615,Visakhapatnam,Alley,Severe
2024-01-01 00:30,0,1,Fog,25.20643105941948,14.61632767470248,17.49103,83.2517,Visakhapatnam,Alley,Severe
2024-01-02 08:30,4,16,Fog,28.914814420961807,2.7464884758979924,17.41703,83.16775,Visakhapatnam,Alley,Severe
2024-01-02 08:30,4,16,Fog,28.185502494538966,3.3980101098596522,17.41703,83.16775,Visakhapatnam,Alley,Severe
2024-01-09 21:45,4,22,Drizzle,27.619909479901512,6.403744621806311,17.53952,83.12792,Visakhapatnam,Alley,Severe
2024-01-01 15:45,4,0,Clear,27.17364680256163,16.688374704780728,17.51759,83.16713,Visakhapatnam,Alley,Severe
2024-01-05 03:00,1,8,Fog,28.605185132716734,11.460410371844826,17.55203,83.12615,Visakhapatnam,Alley,Severe
2024-01-02 07:15,4,3,Clear,25.189549203017926,14.808182816737515,17.58118,83.19843,Visakhapatnam,Alley,Severe
2024-01-06 01:15,4,17,Heavy Rain,30.55866369165439,11.26009407287447,17.54496,83.14162,Visakhapatnam,Alley,Severe
2024-01-06 20:15,6,13,Fog,31.238832447894215,6.31277390506257,17.42162,83.17729,Visakhapatnam,Alley,Severe
2024-01-05 03:00,1,8,Fog,28.004214305582085,10.546584436826343,17.55203,83.12615,Visakhapatnam,Alley,Severe
2024-01-02 07:15,4,3,Clear,25.47354869058502,13.076231039304194,17.58118,83.19843,Visakhapatnam,Alley,Severe
2024-01-02 07:15,4,3,Clear,25.098903673783052,15.614031353866785,17.58118,83.19843,Visakhapatnam,Alley,Severe
2024-01-07 16:30,0,2,Overcast,26.091159398386388,5.809317599236653,17.41971,83.17857,Visakhapatnam,Alley,Severe
2024-01-05 14:30,0,13,Overcast,26.549388425993595,11.617432873179723,17.43515,83.12453,Visakhapatnam,Alley,Severe
2024-01-09 13:30,5,19,Heavy Rain,29.612708174494013,3.970067730688754,17.51725,83.16159,Visakhapatnam,Alley,Severe
2024-01-05 03:00,1,8,Fog,28.70675481800032,12.095681887972605,17.55203,83.12615,Visakhapatnam,Alley,Severe
2024-01-07 04:45,0,20,Drizzle,29.552739403577164,13.250418905143576,17.43809,83.12481,Visakhapatnam,Alley,Severe
2024-01-09 10:30,6,21,Drizzle,25.51050192081638,13.864961002466226,17.43805,83.15479,Visakhapatnam,Alley,Severe
2024-01-09 13:30,5,19,Heavy Rain,29.54097648564748,5.503415585238275,17.51725,83.16159,Visakhapatnam,Alley,Severe
2024-01-05 11:45,1,13,Overcast,28.144866621703272,14.442381202966414,17.57516,83.21388,Visakhapatnam,Alley,Severe
2024-01-06 01:15,4,17,Heavy Rain,30.66208317624422,12.501099046714968,17.54496,83.14162,Visakhapatnam,Alley,Severe
2024-01-07 16:30,0,2,Overcast,26.134928472816156,7.050654396007612,17.41971,83.17857,Visakhapatnam,Alley,Severe
2024-01-07 05:00,6,22,Fog,26.748497982496357,10.405525932957985,17.42906,83.16933,Visakhapatnam,Highway,High
2024-01-07 12:30,4,11,Heavy Rain,29.797578512718456,13.78703030556038,17.58818,83.20574,Visakhapatnam,Highway,High
2024-01-03 10:15,4,23,Clear,25.790889658383264,3.0387302220291845,17.5296,83.17739,Visakhapatnam,Highway,High
2024-01-07 19:30,0,4,Heavy Rain,26.14619363784273,5.756995087269517,17.49005,83.21317,Visakhapatnam,Highway,High
2024-01-11 00:30,6,8,Heavy Rain,27.59699130925015,12.033431532301096,17.46827,83.21208,Visakhapatnam,Highway,High
2024-01-01 04:15,6,4,Overcast,29.092905693606134,8.453654606981312,17.56337,83.21396,Visakhapatnam,Highway,High
2024-01-08 08:00,2,1,Drizzle,30.579055436750036,11.502635465239033,17.42123,83.14575,Visakhapatnam,Highway,High
2024-01-03 10:15,4,23,Clear,26.595831346981466,1.645724149980642,17.5296,83.17739,Visakhapatnam,Highway,High
2024-01-03 07:15,1,22,Overcast,26.312059908526077,2.0358616534070078,17.5827,83.19225,Visakhapatnam,Highway,High
2024-01-03 20:15,3,18,Overcast,29.714172754632138,8.628762410303482,17.53922,83.13412,Visakhapatnam,Highway,High
2024-01-07 08:00,1,4,Drizzle,25.593876613576544,12.421357215450273,17.55751,83.22546,Visakhapatnam,Highway,High
2024-01-04 22:00,4,14,Overcast,26.551372814257086,11.421920754235284,17.49589,83.24727,Visakhapatnam,Highway,High
2024-01-06 10:00,6,19,Drizzle,29.43790227909686,12.513711269058648,17.43139,83.15404,Visakhapatnam,Highway,High
2024-01-08 08:00,2,1,Drizzle,29.661419144243943,11.653534301513979,17.42123,83.14575,Visakhapatnam,Highway,High
2024-01-03 07:15,1,22,Overcast,26.487559866708875,1.8558433647093513,17.5827,83.19225,Visakhapatnam,Highway,High
2024-01-07 12:30,4,11,Heavy Rain,29.42647130924893,13.564087168288356,17.58818,83.20574,Visakhapatnam,Highway,High
2024-01-02 02:15,0,10,Clear,29.387251401603745,3.98947048892464,17.57159,83.14619,Visakhapatnam,Highway,High
2024-01-05 23:30,4,8,Fog,29.739307079173503,4.2723921848630075,17.54272,83.26619,Visakhapatnam,Highway,High
2024-01-01 12:30,1,18,Heavy Rain,29.60646572713781,3.8974000698498577,17.43358,83.20869,Visakhapatnam,Highway,High
2024-01-06 17:45,2,8,Fog,27.218137723598012,4.401172742310899,17.43496,83.13979,Visakhapatnam,Highway,High
2024-01-01 04:15,6,4,Overcast,29.288889802216783,9.302436496640007,17.56337,83.21396,Visakhapatnam,Highway,High
2024-01-02 02:15,0,10,Clear,29.921843605745956,4.175706813311619,17.57159,83.14619,Visakhapatnam,Highway,High
2024-01-01 12:30,1,18,Heavy Rain,29.522483285554358,3.149944412967473,17.43358,83.20869,Visakhapatnam,Highway,High
2024-01-06 21:30,2,11,Heavy Rain,29.646528412314435,10.225576453471541,17.5844,83.23443,Visakhapatnam,Highway,High
2024-01-06 17:15,4,8,Heavy Rain,26.164480847190838,2.4269281757161303,17.56014,83.1899,Visakhapatnam,Highway,High
2024-01-06 21:30,2,11,Heavy Rain,30.016024968678817,10.115579047581468,17.5844,83.23443,Visakhapatnam,Highway,High
2024-01-06 17:15,4,8,Heavy Rain,25.675957829251338,1.5037249131047983,17.56014,83.1899,Visakhapatnam,Highway,High
2024-01-06 21:30,2,11,Heavy Rain,29.196268112811723,8.659949117405706,17.5844,83.23443,Visakhapatnam,Highway,High
2024-01-02 04:00,1,19,Drizzle,28.240777889373785,9.994505063224972,17.47793,83.14661,Visakhapatnam,Highway,High
2024-01-06 17:15,4,8,Heavy Rain,26.293276424144075,1.7530386516816723,17.56014,83.1899,Visakhapatnam,Highway,High
2024-01-06 10:00,6,19,Drizzle,29.555453782799002,9.908607650543694,17.43139,83.15404,Visakhapatnam,Highway,High
2024-01-06 14:00,6,16,Drizzle,27.837678108474776,3.846609886396285,17.45508,83.14845,Visakhapatnam,Highway,High
2024-01-07 19:30,0,4,Heavy Rain,25.52882981160101,6.261038252310498,17.49005,83.21317,Visakhapatnam,Highway,High
2024-01-03 10:15,4,23,Clear,26.120030735018286,1.0769102065925016,17.5296,83.17739,Visakhapatnam,Highway,High
2024-01-06 10:00,6,19,Drizzle,29.390491896048655,12.54201516013637,17.43139,83.15404,Visakhapatnam,Highway,High
2024-01-02 02:15,0,10,Clear,29.298735317681096,3.809817089342634,17.57159,83.14619,Visakhapatnam,Highway,High
2024-01-06 21:30,2,11,Heavy Rain,29.890743432003802,9.411849654822277,17.5844,83.23443,Visakhapatnam,Highway,High
2024-01-06 14:00,6,16,Drizzle,26.95567068053993,8.252435805344309,17.45508,83.14845,Visakhapatnam,Highway,High
2024-01-06 17:15,4,8,Heavy Rain,26.561359280169043,3.5817654869915945,17.56014,83.1899,Visakhapatnam,Highway,High
2024-01-01 09:00,6,13,Overcast,24.286384528223838,1.8751686164913777,17.42482,83.23807,Visakhapatnam,Highway,High
2024-01-05 20:00,3,12,Drizzle,29.059673257120586,5.800594285126428,17.5373,83.13965,Visakhapatnam,Highway,Low
2024-01-05 04:45,5,4,Heavy Rain,27.56636945650129,16.79094257259074,17.41019,83.21305,Visakhapatnam,Highway,Low
2024-01-04 22:45,0,12,Overcast,26.14561992577157,12.410427533236405,17.48018,83.2002,Visakhapatnam,Highway,Low
2024-01-05 06:00,5,5,Fog,29.700855861049472,10.65460125304311,17.51243,83.22867,Visakhapatnam,Highway,Low
2024-01-03 01:00,0,3,Heavy Rain,25.745071995855554,13.822570432009641,17.42982,83.1202,Visakhapatnam,Highway,Low
2024-01-05 21:30,1,11,Overcast,26.49938976405708,13.339752406339272,17.57245,83.25971,Visakhapatnam,Highway,Low
2024-01-01 03:45,2,23,Drizzle,25.012046240905207,5.584272818510518,17.42896,83.20694,Visakhapatnam,Highway,Low
2024-01-05 04:45,5,4,Heavy Rain,26.806296200390896,15.06390912005236,17.41019,83.21305,Visakhapatnam,Highway,Low
2024-01-02 05:00,6,4,Clear,30.448838049274414,6.194754341665286,17.47637,83.13428,Visakhapatnam,Highway,Low
2024-01-07 15:30,2,20,Clear,30.013495108072267,8.053415558780308,17.56341,83.19372,Visakhapatnam,Highway,Low
2024-01-03 01:00,0,3,Heavy Rain,25.41225508712947,13.558928589786765,17.42982,83.1202,Visakhapatnam,Highway,Low
2024-01-07 14:30,1,15,Heavy Rain,26.048999145622727,10.181191423969377,17.48639,83.23217,Visakhapatnam,Highway,Low
2024-01-09 15:45,5,20,Drizzle,27.22557180389752,14.904201103951877,17.57103,83.12531,Visakhapatnam,Highway,Low
2024-01-01 17:00,0,12,Overcast,25.679635413042604,13.537406872100478,17.49182,83.23313,Visakhapatnam,Highway,Low
2024-01-05 21:30,1,11,Overcast,27.776591228755777,10.146035411133324,17.57245,83.25971,Visakhapatnam,Highway,Low
2024-01-04 22:45,0,12,Overcast,25.816326218555975,13.519324923133226,17.48018,83.2002,Visakhapatnam,Highway,Low
2024-01-07 18:30,1,5,Clear,26.73616031836034,8.207043185804615,17.58226,83.149,Visakhapatnam,Highway,Low
2024-01-01 17:00,0,12,Overcast,25.291671002869176,13.50166037320525,17.49182,83.23313,Visakhapatnam,Highway,Low
2024-01-05 02:45,3,13,Drizzle,29.194901466608837,13.711408892849082,17.44527,83.22873,Visakhapatnam,Highway,Low
2024-01-01 17:00,0,12,Overcast,24.795850857322424,12.496410682784228,17.49182,83.23313,Visakhapatnam,Highway,Low
2024-01-06 12:15,0,3,Overcast,25.38013907890961,3.7798941511534787,17.45335,83.21536,Visakhapatnam,Highway,Low
2024-01-03 01:00,0,3,Heavy Rain,25.10030367727799,14.1920022863446,17.42982,83.1202,Visakhapatnam,Highway,Low
2024-01-01 03:45,2,23,Drizzle,23.838052137845096,5.118316606002313,17.42896,83.20694,Visakhapatnam,Highway,Low
2024-01-02 05:00,6,4,Clear,30.13712248915962,4.029499396376822,17.47637,83.13428,Visakhapatnam,Highway,Low
2024-01-01 03:45,2,23,Drizzle,24.52043366922315,3.2103718634296627,17.42896,83.20694,Visakhapatnam,Highway,Low
2024-01-07 18:30,1,5,Clear,26.375196893238105,10.840771187988217,17.58226,83.149,Visakhapatnam,Highway,Low
2024-01-07 14:30,1,15,Heavy Rain,25.97087798788858,8.91751260646169,17.48639,83.23217,Visakhapatnam,Highway,Low
2024-01-03 16:00,3,5,Clear,28.138085419607943,3.0753668500029754,17.50876,83.26275,Visakhapatnam,Highway,Low
2024-01-03 11:30,1,5,Clear,29.375211919093022,9.050052099024551,17.51046,83.17313,Visakhapatnam,Highway,Low
2024-01-06 16:00,6,7,Heavy Rain,26.3115481721688,5.331655545136364,17.41338,83.18237,Visakhapatnam,Highway,Low
2024-01-05 20:00,3,12,Drizzle,28.350792664325823,8.40537550614596,17.5373,83.13965,Visakhapatnam,Highway,Low
2024-01-07 05:45,3,11,Drizzle,26.545959585753252,9.565974505081796,17.53292,83.18032,Visakhapatnam,Highway,Low
2024-01-03 16:00,3,5,Clear,26.539883396489678,2.698632356048786,17.50876,83.26275,Visakhapatnam,Highway,Low
2024-01-03 11:30,1,5,Clear,29.815729382927174,8.819781934142537,17.51046,83.17313,Visakhapatnam,Highway,Low
2024-01-02 05:00,6,4,Clear,30.989720060360643,4.007006266468331,17.47637,83.13428,Visakhapatnam,Highway,Low
2024-01-03 11:30,1,5,Clear,28.665412173947647,8.940474737960399,17.51046,83.17313,Visakhapatnam,Highway,Low
2024-01-07 15:30,2,20,Clear,29.54343273545456,7.180362201073319,17.56341,83.19372,Visakhapatnam,Highway,Low
2024-01-05 15:15,5,2,Drizzle,26.676936187082706,10.252489954417147,17.46741,83.12214,Visakhapatnam,Highway,Low
2024-01-04 22:45,0,12,Overcast,26.14273007737369,14.023914134064663,17.48018,83.2002,Visakhapatnam,Highway,Low
2024-01-09 15:45,5,20,Drizzle,27.11890815598673,16.164140429973845,17.57103,83.12531,Visakhapatnam,Highway,Low
2024-01-10 04:45,4,16,Fog,25.902786170602816,2.3252245026479073,17.55111,83.18765,Visakhapatnam,Highway,Moderate
2024-01-10 04:45,4,16,Fog,26.400312488523113,1.770594458874747,17.55111,83.18765,Visakhapatnam,Highway,Moderate
2024-01-04 15:30,2,13,Fog,26.202621849859092,3.222297503032284,17.53374,83.12631,Visakhapatnam,Highway,Moderate
2024-01-08 05:45,2,1,Fog,30.22349029688237,4.943298029036388,17.50333,83.19966,Visakhapatnam,Highway,Moderate
2024-01-05 07:30,6,3,Fog,26.47496726426038,14.648860070325703,17.50282,83.25856,Visakhapatnam,Highway,Moderate
2024-01-10 04:45,4,16,Fog,27.01142496617375,2.2405916912038824,17.55111,83.18765,Visakhapatnam,Highway,Moderate
2024-01-10 18:00,1,12,Drizzle,28.566189785308705,8.698008312193245,17.52546,83.12975,Visakhapatnam,Highway,Moderate
2024-01-10 14:45,2,10,Fog,26.128810257489352,5.037099082449052,17.53035,83.16513,Visakhapatnam,Highway,Moderate
2024-01-04 07:45,1,19,Clear,26.260147815855948,1.6973947282003066,17.45793,83.17589,Visakhapatnam,Highway,Moderate
2024-01-07 10:45,3,17,Drizzle,27.657219417029374,13.849576743186939,17.51997,83.23337,Visakhapatnam,Highway,Moderate
2024-01-08 21:30,4,2,Drizzle,27.255807439044442,11.156136764608716,17.43454,83.15111,Visakhapatnam,Highway,Moderate
2024-01-02 14:15,6,2,Overcast,25.737678954081066,10.207094802204093,17.50963,83.16139,Visakhapatnam,Highway,Moderate
2024-01-08 16:15,6,18,Overcast,29.53294291463219,13.681592734430803,17.5374,83.18886,Visakhapatnam,Highway,Moderate
2024-01-02 10:30,2,9,Fog,30.638838410949255,12.994924376944441,17.51686,83.24267,Visakhapatnam,Highway,Moderate
2024-01-10 14:45,2,10,Fog,26.366157005989795,5.405050321707972,17.53035,83.16513,Visakhapatnam,Highway,Moderate
2024-01-10 04:45,4,16,Fog,26.32575673172172,3.447742072673734,17.55111,83.18765,Visakhapatnam,Highway,Moderate
2024-01-10 14:45,2,10,Fog,26.97557598776126,5.026509375756132,17.53035,83.16513,Visakhapatnam,Highway,Moderate
2024-01-07 10:45,3,17,Drizzle,27.457837317146428,12.378994162223801,17.51997,83.23337,Visakhapatnam,Highway,Moderate
2024-01-02 10:30,2,9,Fog,30.589648592031914,11.264652946740242,17.51686,83.24267,Visakhapatnam,Highway,Moderate
2024-01-07 22:45,2,21,Drizzle,30.333759240705056,9.045149127773389,17.53263,83.16601,Visakhapatnam,Highway,Moderate
2024-01-04 15:30,2,13,Fog,27.230373962440993,1.9124015809704873,17.53374,83.12631,Visakhapatnam,Highway,Moderate
2024-01-07 10:45,3,17,Drizzle,28.2776704212216,12.409820710227027,17.51997,83.23337,Visakhapatnam,Highway,Moderate
2024-01-08 16:15,6,18,Overcast,30.175517925760463,15.033776880932098,17.5374,83.18886,Visakhapatnam,Highway,Moderate
2024-01-03 09:15,4,4,Heavy Rain,26.78578547547718,6.313799097451499,17.55236,83.23785,Visakhapatnam,Highway,Moderate
2024-01-07 21:45,1,11,Clear,27.822687974792572,4.214712341122292,17.49602,83.1644,Visakhapatnam,Highway,Moderate
2024-01-02 14:15,6,2,Overcast,26.984315778766174,10.770179300266575,17.50963,83.16139,Visakhapatnam,Highway,Moderate
2024-01-05 07:30,6,3,Fog,26.217538269709948,14.64381147197911,17.50282,83.25856,Visakhapatnam,Highway,Moderate
2024-01-01 05:15,5,1,Clear,28.64302572999922,1.8529979983715115,17.57218,83.13365,Visakhapatnam,Highway,Moderate
2024-01-05 02:00,5,20,Overcast,27.629212243424796,7.163879116794909,17.52785,83.16104,Visakhapatnam,Highway,Moderate
2024-01-08 16:15,6,18,Overcast,29.420630256788442,16.610523001591353,17.5374,83.18886,Visakhapatnam,Highway,Moderate
2024-01-03 09:15,4,4,Heavy Rain,25.708370743667114,5.342508214992167,17.55236,83.23785,Visakhapatnam,Highway,Moderate
2024-01-02 14:15,6,2,Overcast,25.28038391111995,9.530197020420923,17.50963,83.16139,Visakhapatnam,Highway,Moderate
2024-01-05 02:00,5,20,Overcast,26.96529658277772,6.111717951648745,17.52785,83.16104,Visakhapatnam,Highway,Moderate
2024-01-01 05:00,4,14,Fog,30.15877112789798,4.579709337654318,17.52167,83.25962,Visakhapatnam,Highway,Moderate
2024-01-05 02:00,5,20,Overcast,27.851178526048017,5.396325432030269,17.52785,83.16104,Visakhapatnam,Highway,Moderate
2024-01-02 19:45,5,14,Clear,25.237047390209888,15.039116805444067,17.41362,83.22164,Visakhapatnam,Highway,Moderate
2024-01-01 11:15,3,22,Heavy Rain,30.614307772785647,6.377700814076441,17.44493,83.22913,Visakhapatnam,Highway,Moderate
2024-01-11 01:00,6,9,Fog,26.109949270892557,3.0464117582920056,17.46496,83.26199,Visakhapatnam,Highway,Moderate
2024-01-03 11:00,6,5,Overcast,26.848308780322423,14.768983079185274,17.56174,83.24251,Visakhapatnam,Highway,Moderate
2024-01-02 19:45,5,14,Clear,25.17222615055169,15.028396623128538,17.41362,83.22164,Visakhapatnam,Highway,Moderate
2024-01-04 06:30,3,19,Drizzle,29.192032724469655,10.920872259012514,17.49076,83.21629,Visakhapatnam,Highway,Severe
2024-01-01 19:15,2,11,Clear,28.983652625952953,4.1964196398976386,17.5692,83.16422,Visakhapatnam,Highway,Severe
2024-01-07 14:00,5,10,Overcast,28.266278949980062,12.518319086051356,17.46682,83.21077,Visakhapatnam,Highway,Severe
2024-01-01 19:15,2,11,Clear,28.955439980243607,3.3852432693071335,17.5692,83.16422,Visakhapatnam,Highway,Severe
2024-01-07 14:00,5,10,Overcast,28.647765249747575,12.450722454933992,17.46682,83.21077,Visakhapatnam,Highway,Severe
2024-01-07 19:00,5,21,Drizzle,25.834836274415018,12.576059733237745,17.53713,83.16882,Visakhapatnam,Highway,Severe
2024-01-01 19:15,2,11,Clear,29.183299123048425,4.434083468259226,17.5692,83.16422,Visakhapatnam,Highway,Severe
2024-01-03 00:30,4,20,Heavy Rain,28.030060106836324,2.630026768941358,17.45872,83.17188,Visakhapatnam,Highway,Severe
2024-01-04 12:45,1,19,Overcast,25.343066541331655,3.0337859117907477,17.55353,83.14972,Visakhapatnam,Highway,Severe
2024-01-01 14:30,0,7,Drizzle,25.170393239055525,0.8441043537963726,17.54726,83.17431,Visakhapatnam,Highway,Severe
2024-01-07 14:00,5,10,Overcast,29.268660451363417,13.430880232214456,17.46682,83.21077,Visakhapatnam,Highway,Severe
2024-01-11 04:15,3,10,Overcast,30.07757116025062,8.433528961608925,17.43732,83.13236,Visakhapatnam,Highway,Severe
2024-01-07 09:00,0,12,Heavy Rain,29.30713697683223,3.5062643574285444,17.44807,83.26561,Visakhapatnam,Highway,Severe
2024-01-11 06:30,3,20,Fog,26.75202325775892,4.174056569847572,17.57965,83.15965,Visakhapatnam,Highway,Severe
2024-01-03 00:30,4,20,Heavy Rain,28.23487119081378,4.627668992473292,17.45872,83.17188,Visakhapatnam,Highway,Severe
2024-01-01 19:15,2,11,Clear,28.603563583868826,3.190358981308795,17.5692,83.16422,Visakhapatnam,Highway,Severe
2024-01-02 04:15,0,13,Heavy Rain,25.246484820022722,16.072572386837702,17.44144,83.14798,Visakhapatnam,Highway,Severe
2024-01-03 17:45,5,16,Heavy Rain,25.882378838790313,6.6190190093660455,17.56415,83.20761,Visakhapatnam,Highway,Severe
2024-01-09 09:45,0,17,Clear,25.62317534732641,6.394988144241591,17.4642,83.25401,Visakhapatnam,Highway,Severe
2024-01-02 04:15,0,13,Heavy Rain,24.701061053705576,14.344230922342295,17.44144,83.14798,Visakhapatnam,Highway,Severe
2024-01-01 14:30,0,7,Drizzle,26.682362566458195,2.958326912521722,17.54726,83.17431,Visakhapatnam,Highway,Severe
2024-01-06 09:45,5,17,Clear,26.717631775985865,4.776005391412411,17.55332,83.16444,Visakhapatnam,Highway,Severe
2024-01-06 17:30,1,17,Overcast,26.550137246003708,11.438755992446369,17.49796,83.15302,Visakhapatnam,Highway,Severe
2024-01-07 11:15,4,1,Fog,27.206989955367114,9.279326406920633,17.4155,83.198,Visakhapatnam,Highway,Severe
2024-01-07 13:45,3,2,Fog,29.443835975154585,14.669360824036078,17.5754,83.251,Visakhapatnam,Highway,Severe
2024-01-06 09:45,5,17,Clear,26.58951520023339,3.28628550309502,17.55332,83.16444,Visakhapatnam,Highway,Severe
2024-01-06 09:30,4,8,Fog,27.407083350021715,13.588773938651299,17.52417,83.17967,Visakhapatnam,Highway,Severe
2024-01-06 17:30,1,17,Overcast,27.278753855023652,9.996092358535211,17.49796,83.15302,Visakhapatnam,Highway,Severe
2024-01-04 06:30,3,19,Drizzle,28.734749426194735,10.564470057410235,17.49076,83.21629,Visakhapatnam,Highway,Severe
2024-01-04 06:30,3,19,Drizzle,28.71209087967766,12.536093175210437,17.49076,83.21629,Visakhapatnam,Highway,Severe
2024-01-01 19:15,2,11,Clear,28.862474151424177,5.491310120594269,17.5692,83.16422,Visakhapatnam,Highway,Severe
2024-01-07 19:00,5,21,Drizzle,24.34903941763221,14.409138120907178,17.53713,83.16882,Visakhapatnam,Highway,Severe
2024-01-04 12:45,1,19,Overcast,24.842404468900725,1.7076872353274208,17.55353,83.14972,Visakhapatnam,Highway,Severe
2024-01-07 14:00,5,10,Overcast,29.983437133722262,12.783591550305198,17.46682,83.21077,Visakhapatnam,Highway,Severe
2024-01-02 13:45,3,19,Overcast,26.72248385675064,14.813097699979183,17.43112,83.25723,Visakhapatnam,Highway,Severe
2024-01-02 20:45,1,17,Fog,26.37548198022181,2.641716913639905,17.51272,83.26024,Visakhapatnam,Highway,Severe
2024-01-02 04:15,0,13,Heavy Rain,25.588278481527883,16.719329539981693,17.44144,83.14798,Visakhapatnam,Highway,Severe
2024-01-03 07:00,5,1,Overcast,27.855625077271768,11.693317839394373,17.52371,83.13334,Visakhapatnam,Highway,Severe
2024-01-09 06:30,2,18,Heavy Rain,31.03944040422762,7.492049116490032,17.53989,83.16361,Visakhapatnam,Highway,Severe
2024-01-04 11:00,5,23,Heavy Rain,30.15978745571729,5.590883535797499,17.52471,83.12648,Visakhapatnam,Highway,Severe
2024-01-07 01:00,6,6,Clear,24.836041204259615,11.833540904782282,17.47922,83.21316,Visakhapatnam,Rural Road,High
2024-01-09 16:45,1,6,Heavy Rain,25.12222977969979,5.547530163619456,17.48849,83.17129,Visakhapatnam,Rural Road,High
2024-01-08 19:15,4,3,Fog,26.59677683987121,3.908108676688591,17.562,83.13993,Visakhapatnam,Rural Road,High
2024-01-05 14:00,0,18,Drizzle,25.401731817933612,7.056702316794584,17.42707,83.209,Visakhapatnam,Rural Road,High
2024-01-04 21:00,2,15,Clear,27.62182462735785,5.71401053949205,17.56136,83.17076,Visakhapatnam,Rural Road,High
2024-01-03 13:15,3,20,Fog,26.788873145201162,1.9687670464422218,17.43115,83.13061,Visakhapatnam,Rural Road,High
2024-01-08 19:15,4,3,Fog,27.076713557878737,1.3637946268967036,17.562,83.13993,Visakhapatnam,Rural Road,High
2024-01-04 21:00,2,15,Clear,27.459225998192803,7.007991326912544,17.56136,83.17076,Visakhapatnam,Rural Road,High
2024-01-09 16:45,1,6,Heavy Rain,26.443570817536283,4.596633393826126,17.48849,83.17129,Visakhapatnam,Rural Road,High
2024-01-01 10:45,3,5,Drizzle,27.140819878474723,2.447109407047517,17.47268,83.17855,Visakhapatnam,Rural Road,High
2024-01-07 16:45,3,13,Clear,26.59601367934169,9.988578604530964,17.56986,83.25527,Visakhapatnam,Rural Road,High
2024-01-04 21:30,5,14,Heavy Rain,27.439972069445012,6.29299951743279,17.57278,83.20231,Visakhapatnam,Rural Road,High
2024-01-03 15:00,5,1,Heavy Rain,28.63868415382381,2.7939290884601067,17.41479,83.12731,Visakhapatnam,Rural Road,High
2024-01-03 13:15,3,20,Fog,27.06935789933587,4.1384907744516415,17.43115,83.13061,Visakhapatnam,Rural Road,High
2024-01-04 21:00,2,15,Clear,28.76156203863483,6.581829358547565,17.56136,83.17076,Visakhapatnam,Rural Road,High
2024-01-09 16:45,1,6,Heavy Rain,25.86945502184233,5.601110346808857,17.48849,83.17129,Visakhapatnam,Rural Road,High
2024-01-01 10:45,3,5,Drizzle,26.181376922836773,5.519076482987768,17.47268,83.17855,Visakhapatnam,Rural Road,High
2024-01-04 21:00,2,15,Clear,27.904830660958197,6.209725455811348,17.56136,83.17076,Visakhapatnam,Rural Road,High
2024-01-03 15:00,5,1,Heavy Rain,28.162190873307622,3.0673923140719026,17.41479,83.12731,Visakhapatnam,Rural Road,High
2024-01-04 21:00,2,15,Clear,27.30860013451783,6.821697806196013,17.56136,83.17076,Visakhapatnam,Rural Road,High
2024-01-06 01:30,1,3,Clear,25.463088773765822,8.231909546356952,17.44867,83.19618,Visakhapatnam,Rural Road,High
2024-01-03 13:15,3,20,Fog,28.454708320235063,4.292042349536523,17.43115,83.13061,Visakhapatnam,Rural Road,High
2024-01-08 19:15,4,3,Fog,26.700716213090427,3.0250402433045913,17.562,83.13993,Visakhapatnam,Rural Road,High
2024-01-04 18:30,4,10,Clear,29.181484618345284,4.844254840507155,17.5826,83.14713,Visakhapatnam,Rural Road,High
2024-01-04 17:15,5,23,Drizzle,29.374678715439085,8.236509843570404,17.54402,83.15335,Visakhapatnam,Rural Road,High
2024-01-03 13:15,3,20,Fog,27.25643730811765,2.401532018208963,17.43115,83.13061,Visakhapatnam,Rural Road,High
2024-01-04 17:15,5,23,Drizzle,29.403803037880564,7.728181157369129,17.54402,83.15335,Visakhapatnam,Rural Road,High
2024-01-04 18:30,4,10,Clear,28.46800461516009,5.590881003355796,17.5826,83.14713,Visakhapatnam,Rural Road,High
2024-01-08 19:15,4,3,Fog,27.424260813972413,4.285895565831578,17.562,83.13993,Visakhapatnam,Rural Road,High
2024-01-03 13:15,3,20,Fog,27.08452494179448,3.7746982328799525,17.43115,83.13061,Visakhapatnam,Rural Road,High
2024-01-08 19:15,4,3,Fog,27.535228412889918,3.1749730412548565,17.562,83.13993,Visakhapatnam,Rural Road,High
2024-01-01 10:45,3,5,Drizzle,26.67488094527543,5.417766299200287,17.47268,83.17855,Visakhapatnam,Rural Road,High
2024-01-01 08:00,4,14,Fog,25.780525976566793,8.690207549017313,17.45471,83.16687,Visakhapatnam,Rural Road,High
2024-01-01 10:45,3,5,Drizzle,26.2462181689792,5.157810306351862,17.47268,83.17855,Visakhapatnam,Rural Road,High
2024-01-05 19:15,3,4,Drizzle,28.411614334715832,12.310352619843382,17.51713,83.23167,Visakhapatnam,Rural Road,High
2024-01-03 13:15,3,20,Fog,27.877695612912877,1.9881637676498403,17.43115,83.13061,Visakhapatnam,Rural Road,High
2024-01-03 05:15,5,23,Drizzle,30.45045859381219,7.334886336924628,17.46805,83.12183,Visakhapatnam,Rural Road,High
2024-01-08 06:45,4,14,Overcast,29.511222377600724,3.2947752956453327,17.52298,83.23754,Visakhapatnam,Rural Road,High
2024-01-06 21:00,0,23,Drizzle,26.049666152714614,2.990487797840717,17.47165,83.2168,Visakhapatnam,Rural Road,High
2024-01-09 16:45,1,6,Heavy Rain,25.975693561685897,5.513028697014554,17.48849,83.17129,Visakhapatnam,Rural Road,High
2024-01-11 05:00,5,3,Clear,27.065297359439313,14.356649924897107,17.54484,83.12944,Visakhapatnam,Rural Road,Low
2024-01-10 23:15,0,5,Fog,29.37168009618997,15.12969275435673,17.45907,83.25117,Visakhapatnam,Rural Road,Low
2024-01-05 05:15,3,12,Overcast,25.668688120527076,7.329501221940909,17.551,83.19063,Visakhapatnam,Rural Road,Low
2024-01-02 20:30,1,9,Overcast,25.485299334296577,8.286501643826202,17.5256,83.26459,Visakhapatnam,Rural Road,Low
2024-01-06 15:45,1,13,Clear,27.11837042172874,2.36447441481012,17.49232,83.26664,Visakhapatnam,Rural Road,Low
2024-01-06 04:15,1,1,Fog,26.497558949667738,5.724533433646129,17.52844,83.14791,Visakhapatnam,Rural Road,Low
2024-01-04 07:30,4,2,Fog,28.48622878105842,7.460664606181246,17.58558,83.13547,Visakhapatnam,Rural Road,Low
2024-01-06 22:45,3,6,Heavy Rain,25.124042473330693,3.6559124442783846,17.46362,83.22063,Visakhapatnam,Rural Road,Low
2024-01-06 22:45,3,6,Heavy Rain,25.229861250860743,2.5903052571588923,17.46362,83.22063,Visakhapatnam,Rural Road,Low
2024-01-05 05:15,3,12,Overcast,25.547841687447796,7.9999287299962045,17.551,83.19063,Visakhapatnam,Rural Road,Low
2024-01-01 04:45,3,10,Drizzle,28.819296229388687,9.530750832343697,17.54749,83.22106,Visakhapatnam,Rural Road,Low
2024-01-06 04:15,1,1,Fog,26.569239968865517,8.918761851697317,17.52844,83.14791,Visakhapatnam,Rural Road,Low
2024-01-10 23:15,0,5,Fog,29.066960100676344,14.386557129069791,17.45907,83.25117,Visakhapatnam,Rural Road,Low
2024-01-08 02:00,3,13,Clear,28.094491900118772,15.490726136849952,17.44587,83.23727,Visakhapatnam,Rural Road,Low
2024-01-09 06:45,5,11,Clear,27.87408194609892,11.948667457202113,17.5674,83.13256,Visakhapatnam,Rural Road,Low
2024-01-05 11:00,3,5,Clear,28.82369933565821,13.26291402888196,17.54245,83.14062,Visakhapatnam,Rural Road,Low
2024-01-06 22:45,3,6,Heavy Rain,24.669793317358025,3.18659733645906,17.46362,83.22063,Visakhapatnam,Rural Road,Low
2024-01-06 22:45,3,6,Heavy Rain,24.90772222788509,3.4975303135118714,17.46362,83.22063,Visakhapatnam,Rural Road,Low
2024-01-01 13:30,6,1,Drizzle,29.20314640460722,8.31182318145877,17.50651,83.19468,Visakhapatnam,Rural Road,Low
2024-01-08 02:00,3,13,Clear,28.411554065238423,14.170416222375488,17.44587,83.23727,Visakhapatnam,Rural Road,Low
2024-01-02 19:15,3,19,Heavy Rain,29.11784605603257,15.060573981049865,17.55536,83.17697,Visakhapatnam,Rural Road,Low
2024-01-02 04:30,0,4,Clear,26.93514657267119,8.603046020153414,17.46287,83.18814,Visakhapatnam,Rural Road,Low
2024-01-08 01:30,1,0,Clear,29.76490208895764,14.53693816974635,17.5516,83.16399,Visakhapatnam,Rural Road,Low
2024-01-07 20:15,1,14,Overcast,30.920784310328948,6.490646274786341,17.52069,83.12999,Visakhapatnam,Rural Road,Low
2024-01-06 22:45,3,6,Heavy Rain,23.864177749936356,4.749554135441324,17.46362,83.22063,Visakhapatnam,Rural Road,Low
2024-01-01 13:30,6,1,Drizzle,28.301552372264762,7.215102031550096,17.50651,83.19468,Visakhapatnam,Rural Road,Low
2024-01-05 05:15,3,12,Overcast,26.28853606359027,4.846078865098045,17.551,83.19063,Visakhapatnam,Rural Road,Low
2024-01-10 14:15,5,21,Clear,28.698477306978504,11.834319911239273,17.42617,83.21848,Visakhapatnam,Rural Road,Low
2024-01-01 09:30,1,23,Fog,30.085572936685654,4.333121301584579,17.52831,83.24161,Visakhapatnam,Rural Road,Low
2024-01-02 19:15,3,19,Heavy Rain,28.39800740664209,14.675234598107316,17.55536,83.17697,Visakhapatnam,Rural Road,Low
2024-01-01 09:30,1,23,Fog,29.94329489373645,4.52988697394064,17.52831,83.24161,Visakhapatnam,Rural Road,Low
2024-01-02 20:30,1,9,Overcast,25.12216138230396,5.99801956241998,17.5256,83.26459,Visakhapatnam,Rural Road,Low
2024-01-01 04:45,3,10,Drizzle,29.083891030829903,8.541462728204788,17.54749,83.22106,Visakhapatnam,Rural Road,Low
2024-01-09 06:45,5,11,Clear,28.327210421650605,12.559155160302648,17.5674,83.13256,Visakhapatnam,Rural Road,Low
2024-01-07 03:45,1,13,Clear,28.068801331037598,13.82348959927328,17.4503,83.12503,Visakhapatnam,Rural Road,Low
2024-01-06 15:45,1,13,Clear,27.294061516938765,0.0,17.49232,83.26664,Visakhapatnam,Rural Road,Low
2024-01-02 04:30,0,4,Clear,27.256196887963753,8.053755551747518,17.46287,83.18814,Visakhapatnam,Rural Road,Low
2024-01-07 15:45,6,4,Heavy Rain,25.483720906090188,7.8918040054025465,17.4146,83.17467,Visakhapatnam,Rural Road,Low
2024-01-07 16:15,2,7,Fog,26.097226071189148,3.821088431225871,17.49864,83.24297,Visakhapatnam,Rural Road,Low
2024-01-08 01:30,1,0,Clear,29.289507759589867,14.283359919779155,17.5516,83.16399,Visakhapatnam,Rural Road,Low
2024-01-04 06:00,1,14,Fog,30.74488742844821,7.084690150827004,17.43953,83.13695,Visakhapatnam,Rural Road,Moderate
2024-01-05 21:15,5,20,Overcast,26.83770039932272,11.97929149960109,17.43669,83.14669,Visakhapatnam,Rural Road,Moderate
2024-01-03 10:00,4,2,Fog,25.335562351715843,10.019580368414154,17.55819,83.22037,Visakhapatnam,Rural Road,Moderate
2024-01-04 06:00,1,14,Fog,30.436988233916082,6.126931059118444,17.43953,83.13695,Visakhapatnam,Rural Road,Moderate
2024-01-09 00:30,4,11,Drizzle,28.100606961081972,10.296571501664491,17.52391,83.16579,Visakhapatnam,Rural Road,Moderate
2024-01-08 11:45,2,15,Heavy Rain,24.695962313489222,10.04147042697303,17.548,83.22264,Visakhapatnam,Rural Road,Moderate
2024-01-11 08:00,0,8,Overcast,28.280937732411076,3.372695460490068,17.44675,83.21006,Visakhapatnam,Rural Road,Moderate
2024-01-06 12:30,1,19,Overcast,27.795956844541298,6.366732040926804,17.57762,83.17544,Visakhapatnam,Rural Road,Moderate
2024-01-03 22:45,4,10,Fog,24.96460403948707,4.656717748808489,17.44819,83.13589,Visakhapatnam,Rural Road,Moderate
2024-01-08 10:00,2,9,Drizzle,28.824243257979347,8.9151972859731,17.55947,83.1673,Visakhapatnam,Rural Road,Moderate
2024-01-08 03:30,1,3,Overcast,29.409209189594776,14.027053940076577,17.54248,83.12777,Visakhapatnam,Rural Road,Moderate
2024-01-04 01:15,0,9,Clear,26.138218656137642,5.611708480142344,17.43882,83.25581,Visakhapatnam,Rural Road,Moderate
2024-01-08 19:30,4,20,Heavy Rain,28.263463686882083,13.028098857068644,17.53703,83.15684,Visakhapatnam,Rural Road,Moderate
2024-01-05 21:15,5,20,Overcast,25.690449735595568,9.786438602123258,17.43669,83.14669,Visakhapatnam,Rural Road,Moderate
2024-01-03 17:00,3,10,Clear,30.014702790591745,15.171170327493607,17.56823,83.20754,Visakhapatnam,Rural Road,Moderate
2024-01-08 10:00,2,9,Drizzle,27.894432345496057,9.590676322848134,17.55947,83.1673,Visakhapatnam,Rural Road,Moderate
2024-01-03 03:00,3,5,Overcast,25.617807279054283,3.2309272613400832,17.5479,83.12204,Visakhapatnam,Rural Road,Moderate
2024-01-08 16:30,2,6,Clear,29.285432596943483,14.439904687396076,17.42366,83.18632,Visakhapatnam,Rural Road,Moderate
2024-01-08 10:00,2,9,Drizzle,28.260706877110078,9.194384460263137,17.55947,83.1673,Visakhapatnam,Rural Road,Moderate
2024-01-03 17:00,3,10,Clear,30.171877021603464,15.526009713546935,17.56823,83.20754,Visakhapatnam,Rural Road,Moderate
2024-01-03 22:45,4,10,Fog,26.069248203747204,5.777925871339269,17.44819,83.13589,Visakhapatnam,Rural Road,Moderate
2024-01-02 14:45,1,22,Overcast,29.2923560430496,3.612088591854297,17.57698,83.1444,Visakhapatnam,Rural Road,Moderate
2024-01-09 04:45,5,23,Fog,30.21639093305314,7.357308213265504,17.48902,83.13198,Visakhapatnam,Rural Road,Moderate
2024-01-04 06:00,1,14,Fog,31.7353464289022,6.494285076996661,17.43953,83.13695,Visakhapatnam,Rural Road,Moderate
2024-01-06 07:45,2,11,Heavy Rain,29.990933127529246,10.742095372009308,17.4188,83.19523,Visakhapatnam,Rural Road,Moderate
2024-01-04 06:00,1,14,Fog,30.72411029315017,7.399292580406492,17.43953,83.13695,Visakhapatnam,Rural Road,Moderate
2024-01-04 01:15,0,9,Clear,25.07031955022988,5.201741289398798,17.43882,83.25581,Visakhapatnam,Rural Road,Moderate
2024-01-01 11:30,2,1,Drizzle,29.475077815267603,13.261511196726852,17.47101,83.21969,Visakhapatnam,Rural Road,Moderate
2024-01-10 20:30,4,23,Fog,26.715167908272125,12.232004149065766,17.51164,83.24432,Visakhapatnam,Rural Road,Moderate
2024-01-11 08:00,0,8,Overcast,28.871958087045567,2.6465821296538166,17.44675,83.21006,Visakhapatnam,Rural Road,Moderate
2024-01-03 01:30,5,10,Drizzle,27.135783118609698,9.359972142939117,17.51819,83.13176,Visakhapatnam,Rural Road,Moderate
2024-01-08 10:00,2,9,Drizzle,28.761171276617443,9.122284630247895,17.55947,83.1673,Visakhapatnam,Rural Road,Moderate
2024-01-07 19:15,6,15,Clear,29.739489912873196,16.313387247526624,17.56975,83.26295,Visakhapatnam,Rural Road,Moderate
2024-01-05 17:15,4,17,Drizzle,29.766831052643475,9.436535331082737,17.51449,83.12636,Visakhapatnam,Rural Road,Moderate
2024-01-06 02:00,6,16,Heavy Rain,27.31876997212895,4.034678448687892,17.44721,83.14585,Visakhapatnam,Rural Road,Moderate
2024-01-04 01:15,0,9,Clear,25.044991800572628,4.084680305864908,17.43882,83.25581,Visakhapatnam,Rural Road,Moderate
2024-01-03 17:00,3,10,Clear,29.465062532353315,12.352873710470302,17.56823,83.20754,Visakhapatnam,Rural Road,Moderate
2024-01-08 06:15,1,12,Heavy Rain,27.810618142108847,1.2283859614893486,17.52468,83.20862,Visakhapatnam,Rural Road,Moderate
2024-01-03 17:30,6,1,Drizzle,29.377853369961947,9.700413907944425,17.45652,83.24671,Visakhapatnam,Rural Road,Moderate
2024-01-03 03:00,3,5,Overcast,25.688650246522425,3.2431057210286043,17.5479,83.12204,Visakhapatnam,Rural Road,Moderate
2024-01-07 04:00,0,23,Heavy Rain,27.378494308322676,12.35308901731806,17.49736,83.18206,Visakhapatnam,Rural Road,Severe
2024-01-02 08:45,5,11,Fog,29.138917337911188,3.536652752527286,17.54211,83.25957,Visakhapatnam,Rural Road,Severe
2024-01-07 13:15,1,18,Overcast,27.734802960052832,4.6857041546629965,17.45036,83.15045,Visakhapatnam,Rural Road,Severe
2024-01-01 20:45,6,9,Fog,28.877818929402476,14.218953310665066,17.51888,83.17619,Visakhapatnam,Rural Road,Severe
2024-01-09 22:30,6,14,Overcast,29.70671745161185,9.996047685805816,17.48563,83.15553,Visakhapatnam,Rural Road,Severe
2024-01-09 22:30,6,14,Overcast,30.438397906279032,8.243204911430539,17.48563,83.15553,Visakhapatnam,Rural Road,Severe
2024-01-08 09:30,0,0,Drizzle,28.113105400448212,11.378189333258156,17.49484,83.1844,Visakhapatnam,Rural Road,Severe
2024-01-05 12:30,4,12,Fog,27.17767264834429,14.601333651955485,17.46467,83.25879,Visakhapatnam,Rural Road,Severe
2024-01-05 09:00,3,15,Fog,26.710639875547862,5.577320161157864,17.55959,83.19013,Visakhapatnam,Rural Road,Severe
2024-01-02 05:45,3,16,Heavy Rain,26.548022155744594,13.949166983544952,17.49746,83.16669,Visakhapatnam,Rural Road,Severe
2024-01-05 12:30,4,12,Fog,28.12718282817703,14.428194141849058,17.46467,83.25879,Visakhapatnam,Rural Road,Severe
2024-01-04 17:45,3,3,Fog,25.37220766454477,5.35623000940066,17.58163,83.17939,Visakhapatnam,Rural Road,Severe
2024-01-02 23:15,3,23,Overcast,29.03998431315991,15.455887772081608,17.54936,83.24264,Visakhapatnam,Rural Road,Severe
2024-01-04 13:30,2,2,Heavy Rain,29.737255476350814,9.865002344901084,17.56398,83.12366,Visakhapatnam,Rural Road,Severe
2024-01-11 03:30,0,13,Clear,26.92287598980841,10.556481769619856,17.53242,83.25824,Visakhapatnam,Rural Road,Severe
2024-01-05 16:00,1,8,Drizzle,29.564610590987613,4.127840128081237,17.44646,83.26675,Visakhapatnam,Rural Road,Severe
2024-01-06 13:15,2,5,Clear,29.054697397302448,11.457013124897085,17.55077,83.12299,Visakhapatnam,Rural Road,Severe
2024-01-10 00:30,1,20,Clear,27.062883311949346,3.0685922788632567,17.54494,83.19836,Visakhapatnam,Rural Road,Severe
2024-01-11 03:30,0,13,Clear,25.940504615868356,12.728468426412531,17.53242,83.25824,Visakhapatnam,Rural Road,Severe
2024-01-09 11:45,5,19,Overcast,27.611942012139565,8.307835756289624,17.5159,83.22767,Visakhapatnam,Rural Road,Severe
2024-01-11 03:30,0,13,Clear,25.304762772277343,11.738296079049633,17.53242,83.25824,Visakhapatnam,Rural Road,Severe
2024-01-01 20:45,6,9,Fog,28.435734178567998,14.572507337309801,17.51888,83.17619,Visakhapatnam,Rural Road,Severe
2024-01-05 00:30,5,12,Heavy Rain,27.741012248237517,8.535047270457115,17.53857,83.21114,Visakhapatnam,Rural Road,Severe
2024-01-07 12:15,2,13,Clear,27.67271002307749,12.660790332660994,17.50201,83.17642,Visakhapatnam,Rural Road,Severe
2024-01-11 03:30,0,13,Clear,26.496593313319696,10.155190805978966,17.53242,83.25824,Visakhapatnam,Rural Road,Severe
2024-01-06 13:15,2,5,Clear,28.744392161784408,9.433643410623999,17.55077,83.12299,Visakhapatnam,Rural Road,Severe
2024-01-10 21:00,4,19,Clear,28.00519758987071,5.256207129940322,17.41948,83.21628,Visakhapatnam,Rural Road,Severe
2024-01-11 05:45,0,11,Fog,30.237106539950176,12.896791634278317,17.46448,83.22819,Visakhapatnam,Rural Road,Severe
2024-01-02 23:15,3,23,Overcast,28.927862456144346,14.778746376414228,17.54936,83.24264,Visakhapatnam,Rural Road,Severe
2024-01-05 00:30,5,12,Heavy Rain,27.347095759235476,8.623186700111079,17.53857,83.21114,Visakhapatnam,Rural Road,Severe
2024-01-07 13:15,1,18,Overcast,26.45376768514259,3.8074066978091006,17.45036,83.15045,Visakhapatnam,Rural Road,Severe
2024-01-04 17:45,3,3,Fog,26.164775159730304,5.615737212539297,17.58163,83.17939,Visakhapatnam,Rural Road,Severe
2024-01-03 02:45,6,19,Heavy Rain,24.920996050710507,3.0604734883597455,17.49747,83.26278,Visakhapatnam,Rural Road,Severe
2024-01-02 05:45,3,16,Heavy Rain,25.58655946502629,13.61692256143106,17.49746,83.16669,Visakhapatnam,Rural Road,Severe
2024-01-01 10:00,1,20,Clear,24.893947812369916,3.3328782862135884,17.46531,83.13515,Visakhapatnam,Rural Road,Severe
2024-01-02 05:45,3,16,Heavy Rain,24.972571664067114,14.482579950488299,17.49746,83.16669,Visakhapatnam,Rural Road,Severe
2024-01-09 22:30,6,14,Overcast,29.911585291980956,8.751308873816454,17.48563,83.15553,Visakhapatnam,Rural Road,Severe
2024-01-10 11:30,6,5,Fog,28.5366589835942,15.807345576019992,17.48261,83.18968,Visakhapatnam,Rural Road,Severe
2024-01-02 05:45,3,16,Heavy Rain,25.155019550129474,14.69097495163825,17.49746,83.16669,Visakhapatnam,Rural Road,Severe
2024-01-02 05:45,3,16,Heavy Rain,25.15246061396819,14.934877786049817,17.49746,83.16669,Visakhapatnam,Rural Road,Severe
2024-01-02 13:00,2,20,Fog,25.632107650354936,10.162881268667412,17.58081,83.15589,Visakhapatnam,Main Road,High
2024-01-06 21:15,2,2,Overcast,26.4345107626447,15.173473857485325,17.49316,83.20228,Visakhapatnam,Main Road,High
2024-01-05 13:00,0,15,Clear,26.270204324318197,9.081021558703707,17.49011,83.15791,Visakhapatnam,Main Road,High
2024-01-04 02:30,2,23,Heavy Rain,29.048428523440947,1.4031680520441536,17.47088,83.25269,Visakhapatnam,Main Road,High
2024-01-03 21:15,5,16,Overcast,28.277128467957027,13.199687951752642,17.45911,83.19934,Visakhapatnam,Main Road,High
2024-01-05 13:00,0,15,Clear,26.263638215126164,8.24864310620817,17.49011,83.15791,Visakhapatnam,Main Road,High
2024-01-02 21:00,1,21,Heavy Rain,26.051556678529213,6.371383318250244,17.52091,83.18863,Visakhapatnam,Main Road,High
2024-01-04 14:45,3,5,Fog,27.972852566741093,15.086364018755093,17.46443,83.12326,Visakhapatnam,Main Road,High
2024-01-01 02:30,3,14,Heavy Rain,30.28453273489566,4.938283071433636,17.52438,83.15123,Visakhapatnam,Main Road,High
2024-01-03 07:45,3,0,Overcast,26.24810318240671,13.821271576736063,17.41337,83.21764,Visakhapatnam,Main Road,High
2024-01-08 04:45,1,2,Clear,29.92447804747267,13.908833012598963,17.53776,83.24327,Visakhapatnam,Main Road,High
2024-01-11 01:45,4,3,Overcast,26.263282514773877,15.702214944635237,17.55009,83.22311,Visakhapatnam,Main Road,High
2024-01-11 01:45,4,3,Overcast,25.565555654722584,14.240753179488568,17.55009,83.22311,Visakhapatnam,Main Road,High
2024-01-08 03:45,1,13,Drizzle,24.246737045629164,6.401683114180395,17.56034,83.1715,Visakhapatnam,Main Road,High
2024-01-05 11:15,4,8,Overcast,30.186679901624927,4.465509645631544,17.43149,83.2629,Visakhapatnam,Main Road,High
2024-01-10 08:30,5,15,Drizzle,28.629609217007246,11.339237240844183,17.42519,83.25896,Visakhapatnam,Main Road,High
2024-01-08 04:45,1,2,Clear,29.006964645956472,14.353341621104532,17.53776,83.24327,Visakhapatnam,Main Road,High
2024-01-03 23:00,4,11,Overcast,24.887937456444998,12.881158384882777,17.56293,83.20568,Visakhapatnam,Main Road,High
2024-01-06 07:00,4,18,Drizzle,26.999042380383926,8.589752754082745,17.5326,83.20344,Visakhapatnam,Main Road,High
2024-01-05 13:00,0,15,Clear,26.327819794038028,9.573181351269959,17.49011,83.15791,Visakhapatnam,Main Road,High
2024-01-03 23:00,4,11,Overcast,24.61316899655988,12.361544016016227,17.56293,83.20568,Visakhapatnam,Main Road,High
2024-01-03 23:00,4,11,Overcast,24.6265705293798,11.275701763710634,17.56293,83.20568,Visakhapatnam,Main Road,High
2024-01-04 02:30,2,23,Heavy Rain,29.783623364892,2.490976742713975,17.47088,83.25269,Visakhapatnam,Main Road,High
2024-01-02 13:00,2,20,Fog,25.52828761443312,8.6494795457907,17.58081,83.15589,Visakhapatnam,Main Road,High
2024-01-10 22:45,4,13,Drizzle,27.143577108661418,7.619476550195277,17.56853,83.1832,Visakhapatnam,Main Road,High
2024-01-08 03:45,1,13,Drizzle,24.85321511384595,4.38857840442061,17.56034,83.1715,Visakhapatnam,Main Road,High
2024-01-10 19:30,3,14,Drizzle,26.17251139128957,9.969904504351407,17.43517,83.24063,Visakhapatnam,Main Road,High
2024-01-11 01:45,4,3,Overcast,26.451996494291343,14.39467152982298,17.55009,83.22311,Visakhapatnam,Main Road,High
2024-01-10 19:30,3,14,Drizzle,24.974515095803493,7.104116937964816,17.43517,83.24063,Visakhapatnam,Main Road,High
2024-01-01 02:30,3,14,Heavy Rain,30.94575342596123,4.144602668220141,17.52438,83.15123,Visakhapatnam,Main Road,High
2024-01-05 20:45,6,11,Drizzle,28.323042596248815,12.296631486645651,17.58303,83.18466,Visakhapatnam,Main Road,High
2024-01-10 02:30,2,13,Heavy Rain,28.963304883795924,12.990217095680617,17.5171,83.20162,Visakhapatnam,Main Road,High
2024-01-01 02:30,3,14,Heavy Rain,30.228656202959826,3.5659828333270824,17.52438,83.15123,Visakhapatnam,Main Road,High
2024-01-07 11:45,0,0,Heavy Rain,28.114279567002104,3.7146881947291974,17.49346,83.23006,Visakhapatnam,Main Road,High
2024-01-10 18:45,6,6,Fog,26.79624415264109,4.61510168691776,17.55438,83.12137,Visakhapatnam,Main Road,High
2024-01-03 21:15,5,16,Overcast,28.01109165620456,13.448280433843859,17.45911,83.19934,Visakhapatnam,Main Road,High
2024-01-02 21:00,1,21,Heavy Rain,26.844712077267083,6.779051851392219,17.52091,83.18863,Visakhapatnam,Main Road,High
2024-01-10 19:30,3,14,Drizzle,27.176135221711814,8.719532443907028,17.43517,83.24063,Visakhapatnam,Main Road,High
2024-01-10 02:30,2,13,Heavy Rain,30.46783919657373,12.7125078221979,17.5171,83.20162,Visakhapatnam,Main Road,High
2024-01-08 04:45,1,2,Clear,29.635777547497078,13.16254169967659,17.53776,83.24327,Visakhapatnam,Main Road,High
2024-01-11 07:45,6,8,Drizzle,29.460836032021618,3.4223813578277715,17.44653,83.14505,Visakhapatnam,Main Road,Low
2024-01-07 23:00,2,7,Drizzle,24.435474114391386,3.627166847908233,17.58348,83.17427,Visakhapatnam,Main Road,Low
2024-01-10 18:15,4,19,Clear,27.737739866860114,12.426963851233404,17.42662,83.24475,Visakhapatnam,Main Road,Low
2024-01-03 15:45,2,14,Fog,30.144687280613958,14.100363814385398,17.50135,83.26294,Visakhapatnam,Main Road,Low
2024-01-06 18:15,0,22,Overcast,26.588936095554025,9.924684725751884,17.47742,83.20616,Visakhapatnam,Main Road,Low
2024-01-07 23:00,2,7,Drizzle,25.356499215086195,4.93259083187309,17.58348,83.17427,Visakhapatnam,Main Road,Low
2024-01-11 07:45,6,8,Drizzle,28.979837300920934,1.2816342670669685,17.44653,83.14505,Visakhapatnam,Main Road,Low
2024-01-01 21:45,0,23,Clear,30.2125895962252,7.439191188019223,17.52019,83.18108,Visakhapatnam,Main Road,Low
2024-01-03 15:45,2,14,Fog,30.255479984101743,12.974343685429906,17.50135,83.26294,Visakhapatnam,Main Road,Low
2024-01-11 07:45,6,8,Drizzle,29.32213165574302,3.962584103427182,17.44653,83.14505,Visakhapatnam,Main Road,Low
2024-01-06 12:00,2,18,Drizzle,25.81951691709046,10.348141854107553,17.45221,83.19342,Visakhapatnam,Main Road,Low
2024-01-08 23:45,0,7,Overcast,30.479664901682124,6.258199285668253,17.52245,83.20914,Visakhapatnam,Main Road,Low
2024-01-07 18:45,6,12,Drizzle,26.95946833620005,10.235752401342612,17.43801,83.22523,Visakhapatnam,Main Road,Low
2024-01-08 23:00,6,9,Heavy Rain,28.20796780347213,14.884551303197036,17.54965,83.26787,Visakhapatnam,Main Road,Low
2024-01-06 08:30,0,4,Heavy Rain,26.896550628984194,7.042109952567875,17.41665,83.12985,Visakhapatnam,Main Road,Low
2024-01-11 07:45,6,8,Drizzle,28.945226780343006,4.706092888159123,17.44653,83.14505,Visakhapatnam,Main Road,Low
2024-01-10 15:00,4,16,Overcast,30.063066511121058,14.761503576636397,17.4585,83.25603,Visakhapatnam,Main Road,Low
2024-01-10 15:00,4,16,Overcast,29.27444321180735,13.908366230593142,17.4585,83.25603,Visakhapatnam,Main Road,Low
2024-01-06 12:00,2,18,Drizzle,26.46201350960345,11.924062525811463,17.45221,83.19342,Visakhapatnam,Main Road,Low
2024-01-11 07:00,5,6,Fog,28.50754893177851,13.592526949201183,17.44416,83.21809,Visakhapatnam,Main Road,Low
2024-01-06 18:15,0,22,Overcast,26.93863848974048,10.478361076166637,17.47742,83.20616,Visakhapatnam,Main Road,Low
2024-01-01 21:45,0,23,Clear,30.924504612918444,8.648814283671467,17.52019,83.18108,Visakhapatnam,Main Road,Low
2024-01-06 08:30,0,4,Heavy Rain,26.247828154728623,4.6818011165776925,17.41665,83.12985,Visakhapatnam,Main Road,Low
2024-01-03 16:30,2,23,Fog,27.89576935181822,9.096625542589047,17.41015,83.1847,Visakhapatnam,Main Road,Low
2024-01-06 08:30,0,4,Heavy Rain,25.82168541323805,5.329815377475072,17.41665,83.12985,Visakhapatnam,Main Road,Low
2024-01-05 22:30,1,16,Clear,28.60300497567282,14.246771950672724,17.56889,83.15595,Visakhapatnam,Main Road,Low
2024-01-05 00:15,2,1,Drizzle,28.95978532375186,14.296387447456715,17.48594,83.20124,Visakhapatnam,Main Road,Low
2024-01-06 08:30,0,4,Heavy Rain,27.477397090992184,6.455305208570511,17.41665,83.12985,Visakhapatnam,Main Road,Low
2024-01-06 18:15,0,22,Overcast,26.15903529605814,9.788406886291847,17.47742,83.20616,Visakhapatnam,Main Road,Low
2024-01-04 05:15,2,11,Overcast,30.348228184145018,7.777530081055262,17.49234,83.16258,Visakhapatnam,Main Road,Low
2024-01-03 16:45,1,18,Drizzle,25.90550873360131,7.358310885866495,17.52074,83.23159,Visakhapatnam,Main Road,Low
2024-01-06 12:00,2,18,Drizzle,25.951643444064803,10.706340540720282,17.45221,83.19342,Visakhapatnam,Main Road,Low
2024-01-05 01:00,1,6,Drizzle,29.027540456595524,13.983177679397194,17.49486,83.16295,Visakhapatnam,Main Road,Low
2024-01-08 23:45,0,7,Overcast,30.099568057176032,1.8334633829269402,17.52245,83.20914,Visakhapatnam,Main Road,Low
2024-01-08 23:45,0,7,Overcast,29.881182648787576,3.617319314157301,17.52245,83.20914,Visakhapatnam,Main Road,Low
2024-01-05 00:15,2,1,Drizzle,30.151650941008263,13.478252491616717,17.48594,83.20124,Visakhapatnam,Main Road,Low
2024-01-09 05:30,1,7,Clear,27.55711382433102,4.113449743242131,17.41666,83.23811,Visakhapatnam,Main Road,Low
2024-01-06 06:45,2,9,Fog,26.67515088073094,8.330811684554778,17.54604,83.1607,Visakhapatnam,Main Road,Low
2024-01-05 20:15,4,0,Heavy Rain,29.61819389389307,5.175813175670795,17.58847,83.26544,Visakhapatnam,Main Road,Low
2024-01-02 15:00,4,2,Fog,26.471527188139465,8.754092566334188,17.49954,83.19576,Visakhapatnam,Main Road,Low
2024-01-01 08:30,6,11,Fog,25.85390088444603,15.421033695525352,17.53214,83.16176,Visakhapatnam,Main Road,Moderate
2024-01-06 03:30,5,17,Heavy Rain,29.044915803671685,6.6820977034686155,17.47846,83.13591,Visakhapatnam,Main Road,Moderate
2024-01-05 17:00,4,8,Clear,24.425907288947144,11.273515901150168,17.46768,83.26286,Visakhapatnam,Main Road,Moderate
2024-01-06 06:15,2,10,Clear,30.271632047011355,12.840560763276521,17.4803,83.12772,Visakhapatnam,Main Road,Moderate
2024-01-11 01:15,4,20,Heavy Rain,27.58543271906397,4.627793223928947,17.49353,83.26268,Visakhapatnam,Main Road,Moderate
2024-01-04 14:30,6,14,Drizzle,24.70800833182366,9.588748619704186,17.48175,83.15287,Visakhapatnam,Main Road,Moderate
2024-01-10 16:15,0,10,Heavy Rain,27.8092169665327,15.88458630593461,17.42976,83.2627,Visakhapatnam,Main Road,Moderate
2024-01-03 06:30,2,9,Fog,25.973790852680835,10.643243528272189,17.5126,83.18348,Visakhapatnam,Main Road,Moderate
2024-01-11 09:30,5,13,Fog,25.330120159845322,13.011150578213726,17.4787,83.14014,Visakhapatnam,Main Road,Moderate
2024-01-01 23:15,6,13,Drizzle,29.01084763729884,13.180382566710989,17.56551,83.16575,Visakhapatnam,Main Road,Moderate
2024-01-03 06:30,2,9,Fog,25.89792262754884,9.240886246911204,17.5126,83.18348,Visakhapatnam,Main Road,Moderate
2024-01-04 19:15,0,10,Clear,24.410813611192484,8.631560634437148,17.52378,83.1591,Visakhapatnam,Main Road,Moderate
2024-01-06 06:15,2,10,Clear,30.104126377857234,14.123167714184783,17.4803,83.12772,Visakhapatnam,Main Road,Moderate
2024-01-05 06:30,2,5,Overcast,24.54870819788108,10.652397413701332,17.56169,83.26032,Visakhapatnam,Main Road,Moderate
2024-01-09 08:15,1,19,Fog,26.114577818662823,7.833963498131759,17.50297,83.16128,Visakhapatnam,Main Road,Moderate
2024-01-04 20:45,4,20,Heavy Rain,25.536298741206522,11.605296932733204,17.47342,83.13258,Visakhapatnam,Main Road,Moderate
2024-01-05 07:00,1,12,Heavy Rain,27.22801486715694,15.013600106569717,17.48589,83.19232,Visakhapatnam,Main Road,Moderate
2024-01-09 08:15,1,19,Fog,26.09134549197276,7.767299160338089,17.50297,83.16128,Visakhapatnam,Main Road,Moderate
2024-01-03 23:45,2,21,Heavy Rain,30.532737222231287,7.030083164289711,17.4821,83.19486,Visakhapatnam,Main Road,Moderate
2024-01-03 08:45,5,12,Heavy Rain,25.807185032509064,10.72773778671835,17.52887,83.17063,Visakhapatnam,Main Road,Moderate
2024-01-05 07:00,1,12,Heavy Rain,26.179562884334178,14.472485094949363,17.48589,83.19232,Visakhapatnam,Main Road,Moderate
2024-01-01 08:30,6,11,Fog,25.060211516632148,15.972251596669743,17.53214,83.16176,Visakhapatnam,Main Road,Moderate
2024-01-04 14:30,6,14,Drizzle,24.487590711152162,10.16125921454787,17.48175,83.15287,Visakhapatnam,Main Road,Moderate
2024-01-05 16:45,0,15,Clear,28.513045525105415,5.742903743413728,17.47329,83.18293,Visakhapatnam,Main Road,Moderate
2024-01-01 08:30,6,11,Fog,25.958829510234562,13.597787939638218,17.53214,83.16176,Visakhapatnam,Main Road,Moderate
2024-01-05 15:00,4,9,Fog,29.137128093423268,10.368774256075024,17.58224,83.17817,Visakhapatnam,Main Road,Moderate
2024-01-02 18:15,0,0,Clear,29.993383382238537,12.401614560811709,17.45686,83.23884,Visakhapatnam,Main Road,Moderate
2024-01-03 08:45,5,12,Heavy Rain,24.92230853382334,13.901791899819466,17.52887,83.17063,Visakhapatnam,Main Road,Moderate
2024-01-05 16:45,0,15,Clear,28.194241098504026,6.96608027838469,17.47329,83.18293,Visakhapatnam,Main Road,Moderate
2024-01-01 07:30,4,13,Overcast,29.596669451575888,4.226933223884307,17.49134,83.18083,Visakhapatnam,Main Road,Moderate
2024-01-08 01:15,3,1,Overcast,27.938383376944547,12.399845923520047,17.41983,83.14697,Visakhapatnam,Main Road,Moderate
2024-01-04 20:45,4,20,Heavy Rain,24.624157697191833,12.996326249823033,17.47342,83.13258,Visakhapatnam,Main Road,Moderate
2024-01-04 19:15,0,10,Clear,24.412063373511334,9.52201741324344,17.52378,83.1591,Visakhapatnam,Main Road,Moderate
2024-01-05 08:00,4,7,Fog,26.22682089830392,12.07311964596014,17.50583,83.23739,Visakhapatnam,Main Road,Moderate
2024-01-06 06:15,2,10,Clear,29.425300555584027,13.573521108098474,17.4803,83.12772,Visakhapatnam,Main Road,Moderate
2024-01-06 03:30,5,17,Heavy Rain,31.216191032418696,6.4673655068161775,17.47846,83.13591,Visakhapatnam,Main Road,Moderate
2024-01-03 23:45,2,21,Heavy Rain,29.946658950440444,9.113584626233248,17.4821,83.19486,Visakhapatnam,Main Road,Moderate
2024-01-01 23:15,6,13,Drizzle,29.492418061847435,13.496821049319657,17.56551,83.16575,Visakhapatnam,Main Road,Moderate
2024-01-04 19:15,0,10,Clear,24.47082110990939,11.892688568959523,17.52378,83.1591,Visakhapatnam,Main Road,Moderate
2024-01-01 07:30,4,13,Overcast,30.650154939704496,2.728876398957431,17.49134,83.18083,Visakhapatnam,Main Road,Moderate
2024-01-01 14:00,5,7,Fog,30.11218108688111,8.278632705651564,17.49046,83.13322,Visakhapatnam,Main Road,Severe
2024-01-05 17:45,3,6,Heavy Rain,28.66100490732268,9.852788320852177,17.55915,83.22612,Visakhapatnam,Main Road,Severe
2024-01-06 19:30,4,3,Overcast,31.480042269134398,1.7757597397270586,17.47749,83.22642,Visakhapatnam,Main Road,Severe
2024-01-06 09:00,4,6,Overcast,27.351970050137673,14.484045396361049,17.57473,83.17044,Visakhapatnam,Main Road,Severe
2024-01-04 02:45,3,4,Drizzle,30.374636663142837,10.936843897092432,17.46802,83.16151,Visakhapatnam,Main Road,Severe
2024-01-09 15:00,2,7,Drizzle,24.748411787437057,10.218672442881786,17.49337,83.23193,Visakhapatnam,Main Road,Severe
2024-01-07 05:15,6,16,Fog,28.58250575475152,11.766990717224871,17.55271,83.12565,Visakhapatnam,Main Road,Severe
2024-01-04 21:15,1,9,Overcast,30.485400317817756,10.1159392177041,17.55866,83.26038,Visakhapatnam,Main Road,Severe
2024-01-06 05:45,3,23,Fog,24.586516471106115,13.437454143113458,17.45342,83.19859,Visakhapatnam,Main Road,Severe
2024-01-05 18:30,4,21,Overcast,27.706224278998466,9.570947322653705,17.50725,83.12816,Visakhapatnam,Main Road,Severe
2024-01-09 05:15,2,22,Drizzle,27.45387596772774,6.4942646796218275,17.54166,83.19742,Visakhapatnam,Main Road,Severe
2024-01-10 04:15,0,11,Clear,24.618766612052866,5.94571057683075,17.50042,83.1465,Visakhapatnam,Main Road,Severe
2024-01-04 21:15,1,9,Overcast,29.916203869527763,9.89355793216663,17.55866,83.26038,Visakhapatnam,Main Road,Severe
2024-01-05 18:30,4,21,Overcast,27.286277224813364,8.743418195376595,17.50725,83.12816,Visakhapatnam,Main Road,Severe
2024-01-05 21:00,1,2,Fog,27.1109049811086,5.066429982433526,17.47904,83.24827,Visakhapatnam,Main Road,Severe
2024-01-08 10:15,1,22,Fog,28.11488764005477,11.364358517702517,17.44132,83.1801,Visakhapatnam,Main Road,Severe
2024-01-05 21:00,1,2,Fog,26.436431412087565,2.9848681840944904,17.47904,83.24827,Visakhapatnam,Main Road,Severe
2024-01-04 04:15,4,20,Fog,30.476240682224248,13.564739354457172,17.51246,83.12612,Visakhapatnam,Main Road,Severe
2024-01-05 12:45,5,15,Clear,25.662783285449976,12.565408423201951,17.51934,83.22422,Visakhapatnam,Main Road,Severe
2024-01-01 16:15,4,7,Clear,27.910336048775342,4.9897475629856185,17.47249,83.23083,Visakhapatnam,Main Road,Severe
2024-01-10 04:15,0,11,Clear,24.988850500466626,7.400569197230943,17.50042,83.1465,Visakhapatnam,Main Road,Severe
2024-01-04 10:15,1,5,Fog,25.43232782064495,12.648637349428714,17.41614,83.13859,Visakhapatnam,Main Road,Severe
2024-01-06 06:30,3,12,Heavy Rain,28.29009892550298,1.7841781810216029,17.43556,83.12784,Visakhapatnam,Main Road,Severe
2024-01-02 13:15,4,6,Fog,29.20529287264191,10.861679849847972,17.5746,83.25139,Visakhapatnam,Main Road,Severe
2024-01-04 10:15,1,5,Fog,26.379895223965523,11.928816500330573,17.41614,83.13859,Visakhapatnam,Main Road,Severe
2024-01-01 06:45,0,10,Clear,27.640390362777314,2.893105607263144,17.49806,83.17464,Visakhapatnam,Main Road,Severe
2024-01-05 18:45,5,7,Heavy Rain,29.81696107727445,11.876441555277225,17.42221,83.15176,Visakhapatnam,Main Road,Severe
2024-01-08 10:15,1,22,Fog,29.129590039614218,11.032972160916678,17.44132,83.1801,Visakhapatnam,Main Road,Severe
2024-01-10 17:30,4,14,Fog,28.264917144270676,10.972409779351281,17.53644,83.20815,Visakhapatnam,Main Road,Severe
2024-01-09 05:15,2,22,Drizzle,26.269519533242004,5.786143883046375,17.54166,83.19742,Visakhapatnam,Main Road,Severe
2024-01-04 21:15,1,9,Overcast,29.814809109566294,8.527860988014393,17.55866,83.26038,Visakhapatnam,Main Road,Severe
2024-01-07 05:15,6,16,Fog,28.703843843581556,8.778649516505393,17.55271,83.12565,Visakhapatnam,Main Road,Severe
2024-01-05 12:45,5,15,Clear,25.835789418597685,13.736559804157668,17.51934,83.22422,Visakhapatnam,Main Road,Severe
2024-01-09 05:15,2,22,Drizzle,26.461625712089848,6.603934841086195,17.54166,83.19742,Visakhapatnam,Main Road,Severe
2024-01-06 06:30,3,12,Heavy Rain,27.55947172979587,0.4370675644581614,17.43556,83.12784,Visakhapatnam,Main Road,Severe
2024-01-05 12:45,5,15,Clear,26.22657642666645,12.290269295290063,17.51934,83.22422,Visakhapatnam,Main Road,Severe
2024-01-07 05:15,6,16,Fog,28.580222423071675,12.319154261005197,17.55271,83.12565,Visakhapatnam,Main Road,Severe
2024-01-04 02:45,3,4,Drizzle,30.140750348686314,12.257495469711698,17.46802,83.16151,Visakhapatnam,Main Road,Severe
2024-01-01 16:15,4,7,Clear,27.614159188065234,5.820793707675408,17.47249,83.23083,Visakhapatnam,Main Road,Severe
2024-01-09 14:45,1,2,Clear,26.014878069747873,1.4719970587708657,17.55313,83.12515,Visakhapatnam,Main Road,Severe
